9.166256587,5.755729993,6.453366756,8.557906787,8.346426964,8.142588218,7.465929985,10.79100005,10.32693322,11.3567667,10.79500039,10.32423337,12.5211331,6.437246641
8.836406708,5.705866814,6.318273226,8.062160015,8.383503278,7.61089174,6.955456734,10.60220019,9.976629893,11.4666001,10.73029995,10.39289983,12.23513349,6.245759964
8.925986926,5.871420066,6.18547678,8.19497331,8.084606806,7.881581624,7.190646489,10.47053337,10.18789991,11.48950005,10.70236683,10.36556657,12.66373316,6.369523366
9.015273094,5.758696556,5.88591671,8.164093335,7.054326693,6.897141695,7.169466654,9.626696905,10.17029985,11.37269974,10.69843324,10.35280005,12.6497666,6.42730999
8.974763234,5.827453295,6.041970094,7.887816747,7.27129666,7.254868428,6.877793471,10.12699986,10.1736997,11.4199667,10.59416676,10.38339996,12.5862999,6.45780007
8.335736593,5.610456785,5.696413358,7.909906546,6.914309978,6.207021634,6.789176623,9.386119843,10.14579964,11.37116655,10.77183342,10.98230012,12.43976657,6.451626619
8.742196719,5.927769979,5.890826702,7.606680075,7.501046658,7.403753281,6.653396606,9.98447005,10.07569631,11.41683324,10.53630034,10.45386664,12.59969997,6.593273322
8.924413363,5.437146664,5.193256537,8.046776772,5.793279966,5.682171663,7.015909831,8.089093526,10.24403318,11.24779987,10.80086676,10.72316647,12.6335996,6.418220043
8.924426397,5.563726584,6.35381333,8.168813388,7.817136606,7.657500029,7.19034338,10.57186667,10.10969989,11.36116695,10.63063304,10.42929967,12.62033335,6.366273403
8.773140272,5.79739666,6.102656841,7.774936676,7.658330123,7.493663311,6.872859955,10.45726681,10.12870026,11.41020012,10.52156639,10.33176645,12.68496672,6.414710045
8.899746577,5.815953414,6.019080003,7.703619957,7.527686755,7.062276681,6.824113369,10.17603366,10.06746006,11.45860004,10.50270017,10.47593339,12.60343329,6.49739329
9.254489581,5.691456795,5.904396693,8.288623174,7.311049938,7.098823309,7.139656703,9.913999875,10.17993323,11.49999968,10.6589667,10.43733342,12.71740023,6.349040031
8.658450127,5.381286621,7.813213348,9.138173421,10.61879031,8.090661605,8.292976538,11.57176685,9.86180687,11.35773341,10.7846667,10.22796694,12.35363356,6.073840141
9.094999631,5.397349993,7.770336787,9.416447004,10.48126634,7.644564946,8.267076492,11.52003352,10.13723342,11.57653364,10.96880023,10.53853321,12.32903322,6.219933351
8.822676977,5.316920122,8.143793424,9.407646497,10.62576675,8.301624934,8.277040005,11.55583318,9.99434344,11.37823327,10.92046674,10.10254669,12.45750014,6.191716671
9.17882665,5.434833209,6.47201999,8.28937006,7.459873358,7.542016665,7.81693999,10.3399833,10.32053312,11.13589986,10.87476667,10.4593331,12.9023997,6.303143342
8.95320638,4.943686644,8.649023374,9.916750272,11.03210004,8.416846673,8.885040283,12.29550012,9.816509883,11.61856651,10.6627334,10.24429989,12.17833328,5.770919959
8.680963516,4.835113366,8.635120074,10.01541678,11.30739975,8.528453191,8.860976855,12.34930007,9.72585996,11.50080013,10.73733298,10.20340029,12.03986677,5.717036724
8.553956668,4.86490345,8.151573181,9.443786939,10.66833305,7.767151674,8.40474987,12.09779962,9.657666842,11.49273364,10.70580006,10.04478327,12.39066664,5.817153295
8.783583323,4.990476608,8.567473412,9.774876912,11.23519993,8.602233489,8.633353233,12.33673318,9.859466871,11.46383349,10.77510007,10.02518018,12.21206665,6.06629324
8.797193209,4.865866661,8.828556697,9.813306491,11.30583318,8.682633241,8.678366661,12.35216649,9.776140213,12.61493333,10.62670008,10.07281653,12.3539664,5.779826482
8.933273315,4.979913235,8.901229858,9.884600004,11.38673337,9.005231539,8.750333468,12.39650027,9.79910024,11.51166662,10.75993347,10.14153353,12.24896685,5.869596799
8.927296638,5.118243217,8.795577049,9.739839872,10.77870019,8.415656646,8.683226585,12.11096668,9.94198672,11.23469989,10.68353335,10.03298346,12.32596684,6.008036772
8.823113441,4.930219968,8.340330124,9.462509791,10.70356687,8.084573348,8.382516861,12.01706664,9.797533035,11.36853345,10.61569977,10.1600666,12.24283314,5.670103232
8.896716754,4.931566556,8.727409999,9.93949,10.9872001,8.439074755,8.830029806,12.18596681,9.798146566,11.39343325,10.63453356,10.10234642,12.33386676,6.01066335
9.004793167,4.992623329,8.509266535,9.682280223,10.58776347,8.333418369,8.60187308,11.9355669,9.850166957,11.42940013,10.79730034,9.953463554,12.3501002,5.975979964
9.051579952,5.404030085,8.030494928,9.093900204,9.473910332,8.342024684,8.092799902,11.46744967,9.940360069,11.2576499,10.99000025,10.3970499,12.3283,6.435009956
8.962506612,4.761679967,8.589049975,9.928676605,10.81176662,8.456470013,8.761013667,12.26960023,9.836503665,11.48460007,10.70586681,10.1297334,12.26196671,5.558189869
8.761359851,4.914593379,8.782226563,10.02106667,11.2774334,8.537803253,8.812293371,12.42310015,9.802213351,11.60479991,10.7355334,10.10916646,12.22566668,5.841406663
8.598006566,4.830476761,8.629106839,9.949333509,11.30159982,8.334019979,8.721046448,12.34906673,9.603630066,11.4746666,10.61703332,10.15170002,12.1912667,5.746466637
8.74709638,4.922793388,8.650349935,9.880783399,11.41026688,8.564820131,8.690770149,12.35989984,9.801913261,11.49326642,10.68039989,10.25086657,12.1730334,5.765020053
8.706786791,4.98469003,8.499939919,9.673516909,11.31479994,8.561698357,8.574183464,12.32190005,9.842133522,11.3829333,10.70680014,10.08990002,12.12173335,5.876493295
8.661653201,5.004849911,8.403526624,9.615019798,10.98226674,8.731791496,8.463376681,12.28599993,9.877972921,11.34336662,10.68796666,10.21346633,12.27646637,5.929523309
8.832126617,4.942803383,8.38075002,9.622356733,10.88547993,8.851315022,8.669213295,12.25419998,9.900596937,11.41466681,10.68256664,10.27203337,12.20523326,5.903843403
8.885406494,5.23633337,8.222710133,9.479056676,10.60259978,8.268575112,8.382026672,11.94540024,10.02593708,11.34026686,10.75976658,10.32053343,12.28066667,6.102543354
8.869076729,5.1371967,8.190636635,9.415996552,10.70379988,8.438426812,8.318590164,11.9691,9.888010025,11.30996672,10.79836686,10.13000011,12.27123324,6.029036681
8.949733416,5.265126705,8.195046584,9.540076574,10.46036657,8.359410048,8.431559881,11.88953336,9.997786522,11.35486666,10.72739983,10.42826684,12.32960002,6.172360102
8.901610057,5.227426688,8.3020401,9.540500005,10.48648008,8.227368355,8.398570061,11.79046663,10.00983334,11.34693336,10.95376682,10.44193331,12.19706694,6.27965339
8.951640129,5.231889963,7.986875057,9.198840141,10.10360527,8.293214798,8.037119865,11.63425016,9.885499954,11.25695038,10.80644989,10.50139999,12.27589989,6.280359983
9.029626528,4.929463228,8.880873362,10.04178651,11.09386667,8.668488503,8.990053495,12.40166664,9.842933337,11.61583296,10.80140018,10.23016644,12.28473345,5.772586664
8.88397344,4.732153416,8.743050257,9.852103233,11.03619989,8.475301663,8.791166623,12.27503332,9.759250005,11.49350007,10.63666662,10.14623324,12.21960004,5.652436733
8.731369972,4.637966633,8.762613297,9.934416453,11.2093668,8.322536786,8.83194987,12.39930026,9.624606768,11.52183342,10.51313337,10.14349969,12.23276679,5.5944767
8.603269895,5.001456579,8.212316513,9.612623533,11.07183329,8.384648323,8.339049975,12.16266664,9.802223206,11.38883305,10.56519985,10.01797326,12.20703316,5.893423398
8.418686867,5.184926828,8.10589997,9.518459956,10.86930021,8.631191651,8.237000148,12.19830004,9.772293091,11.22886658,10.70190016,10.04677995,12.22736677,6.062870026
8.519079844,4.91255331,8.071010113,9.495299975,10.73653316,8.165696621,8.267779986,12.02173328,9.667796771,11.34833336,10.47546673,10.22726313,12.11193339,5.904883385
8.782193502,5.027843316,8.131696701,9.330733617,10.52962685,8.216906627,8.200373332,11.90363312,9.889430046,11.33986664,10.79669984,10.24620024,12.25323327,5.994649887
8.839206696,5.181479931,8.181153456,9.411946615,10.7258002,8.501193206,8.360956669,11.94063314,10.00156689,11.28729979,10.87343343,10.34403356,12.23443317,6.171833356
9.222206434,5.387853305,5.597863356,8.382363319,7.038180033,5.874681632,7.75946331,8.139426867,10.10610326,10.97176679,10.96053314,10.66206678,12.32623355,6.862326622
8.87299633,5.17982324,8.181033134,9.5637935,10.49582322,8.412354946,8.368763288,11.76666673,9.993853251,11.31156699,10.85696665,10.36690013,12.3228,6.152383327
8.869780064,5.323839903,8.275635004,9.249535084,10.01590967,8.522744894,8.19520998,11.62709999,10.03919506,11.29605007,10.95114994,10.57149982,12.40880013,6.494364977
8.987976392,5.201246738,8.696496964,10.03317324,11.14116669,8.570328395,8.81540362,12.24016666,10.04203669,11.55516656,10.93019994,10.38803323,12.27493318,6.09011666
8.643113136,4.826026599,8.64620018,9.820246696,11.06906668,8.354091724,8.870230039,12.34866651,9.667683283,11.53420003,10.66790009,10.12183348,12.28290017,5.714913368
8.739060084,4.793790023,8.350539843,9.60544014,10.89470005,8.39131999,8.505603472,12.06146685,9.716840108,11.39013322,10.66899999,10.36123339,12.22666677,5.73985672
8.676233292,5.067976793,7.935710112,9.427549998,10.30281003,8.185943365,8.37202994,11.7159001,9.869240125,11.33609994,10.73750019,10.02342351,12.17020003,6.095513344
8.998426755,5.158866564,8.505803108,9.89462026,11.08189996,8.903834979,8.624159813,12.11023331,10.00368023,11.38029989,10.86373329,10.43036683,12.31336657,6.08981657
8.904946327,5.077960173,7.686033249,9.29259332,10.37709649,7.537974993,8.126623313,11.77043311,9.950196584,11.28899988,10.75289981,10.62246672,12.23693339,6.140350024
8.547923406,5.049269994,7.86406676,9.24676005,10.64059671,8.163871845,8.007083257,11.86966674,9.7805233,11.25723362,10.71579997,10.29236666,12.23343341,6.014609973
9.235109806,6.224655151,6.802725077,9.195795059,8.668944836,7.645052433,8.376510143,11.1894002,10.08041,11.24774981,10.15724993,9.041429996,12.42759991,6.330034971
9.137650013,6.466685057,6.920825005,9.408085346,8.66053009,8.173385024,8.569789886,11.3734498,10.09820986,11.25604963,10.34835005,9.222595215,12.46274996,6.44618988
8.929374695,5.66484499,7.051704884,9.836654663,8.780990124,7.918422461,8.867984772,11.34105015,9.657784939,11.42949963,10.06008005,9.362565041,12.30705023,6.149479866
9.234935284,5.243335009,7.797154903,9.754944801,10.78069973,7.791292548,8.969799995,11.70690012,10.36794996,11.60664988,10.54439974,10.81255007,12.37380028,6.284960032
8.406300068,5.619899988,7.038234949,8.918955326,8.716415405,7.277050018,7.359615088,10.85624981,9.761564732,11.91690016,11.13864994,10.46515036,12.54974985,6.258719921
7.198260069,5.927175045,7.307579994,8.573794842,8.491554737,7.339850068,6.910559893,10.75264978,8.915975094,11.98694992,10.89125013,11.14014959,10.80815029,6.512419939
7.390655041,5.938144922,7.735185146,8.582590103,8.437145233,7.391480088,6.881614923,10.64864969,8.942159653,12.18849993,11.01705027,11.06110001,10.72730017,6.48208499
6.986720085,5.87539506,8.848595142,8.053625107,8.607034683,7.74552989,6.564625025,11.32425022,8.773994923,11.51615,10.89260006,9.953690052,10.8729496,6.561739922
8.895479679,5.542784929,6.657315016,8.502099991,7.812750101,7.138912678,7.75407505,10.60039997,10.13659525,11.32819986,10.48355007,10.37074995,12.34244967,6.191605091
8.965350151,5.531045198,6.286455154,8.926499844,7.82294488,7.131685019,8.254475117,10.096385,10.48885012,11.24760008,10.61374998,10.30665016,12.56034994,5.991714954
8.923500061,5.584690094,5.504340013,7.905320009,5.853809992,5.941311677,7.20830663,8.293046633,10.19923337,11.49173355,10.51166662,10.45983315,12.72816658,6.419870059
8.560090065,5.944066683,6.091483434,8.275959969,6.471669992,5.98416996,7.624023279,7.818726699,9.504879951,11.32346694,10.36436653,12.13869985,11.32693322,6.581230005
8.852769852,5.953806718,6.956369877,8.67734623,6.579703331,5.951926629,8.18016688,8.958886464,9.938899994,11.49303309,10.28529994,11.59656652,11.53726673,6.834446589
9.218723297,5.578133265,5.219256719,7.179159959,6.084813277,6.562703371,6.973863443,8.834156354,10.25976658,11.55036672,11.3882335,9.63858668,12.7664334,6.218336582
9.115973473,6.122880141,7.91141669,8.88590018,6.878816764,6.001984914,8.334269842,9.629689852,9.895096779,11.37413343,9.930809975,11.04349995,11.87953345,6.868913333
9.022163391,5.917553425,8.123436451,8.893780073,7.008129915,6.016133308,8.168720245,9.736856461,9.873993238,11.12490018,9.716197014,10.97360007,11.74199963,6.720936775
9.137736638,5.902796586,7.97784996,8.927210172,6.619729996,5.943049908,8.176483472,9.615073204,9.795466741,11.04310004,9.75557677,10.85156695,11.76999982,6.728016694
9.267953237,5.425009886,5.594940027,7.780026754,6.691243331,7.111439943,7.303619862,9.382150332,10.32216676,11.61186663,11.76043351,9.586996714,13.01123333,6.189193408
9.523429871,5.340169907,5.470039845,7.276529789,6.425109863,6.163195133,6.838069916,8.417289734,10.45180035,11.57960033,9.742910385,10.0241003,12.96850014,6.078790188
9.239419937,5.448969841,5.578660011,7.212069988,6.076340199,5.743914843,6.609159946,8.422189713,10.64939976,11.46510029,9.519720078,9.822270393,12.53390026,6.336569786
9.783820152,5.311880112,6.985690117,8.129309654,6.728429794,6.386005163,7.323540211,10.21510029,10.47410011,11.43640041,9.234410286,9.325200081,12.37269974,6.010769844
9.715999603,5.478439808,10.19680023,8.945590019,10.73939991,9.466625214,7.835879803,13.2553997,10.66160011,11.37590027,9.309390068,9.291399956,12.50459957,6.096809864
9.586299896,5.25688982,11.37209988,9.277729988,12.25230026,11.06190014,8.434379578,13.64009953,11.27130032,10.95349979,9.618909836,9.542349815,12.54500008,6.182630062
9.284819603,5.353600025,5.14552021,7.242630005,6.348559856,6.006330013,6.97867012,8.663000107,10.3281002,11.52149963,9.415260315,10.27709961,12.90060043,5.95882988
8.338170052,5.428180218,5.57776022,7.229899883,5.847199917,5.894945145,5.879310131,8.603489876,9.792499542,11.67490005,9.295260429,9.821680069,10.9776001,6.176529884
7.826739788,5.848229885,7.470759869,7.374370098,6.173520088,6.195760012,6.047520161,10.40890026,9.012160301,11.44610023,9.193659782,10.30239964,11.49650002,6.189539909
8.140370369,5.94122982,9.296719551,7.889309883,7.634679794,7.014205217,6.812029839,11.91450024,9.380080223,11.19509983,9.021980286,10.46479988,11.93220043,6.36534977
7.657629967,6.222509861,9.670820236,7.572619915,7.628250122,7.228595018,6.728970051,11.75759983,9.248959541,10.77270031,9.275870323,10.53409958,12.05319977,6.688020229
8.73857975,5.204590082,5.224709988,6.752360106,5.888900042,5.738212466,6.640890121,7.586315155,10.02057981,11.60769987,10.30989981,10.39050007,12.29659986,5.971110106
8.828744888,5.216784954,5.301404953,7.311050177,6.249829769,5.920952559,6.992974997,7.379925013,10.10684967,11.18445015,10.47129965,10.66599989,11.97919989,6.053275108
8.519020081,5.245959997,5.113029957,7.403340101,6.149965048,5.815852523,6.89291501,7.414645195,9.92373991,11.43319988,10.19969988,10.4932003,11.86380005,5.881424904
8.821399689,5.025454998,5.251250029,7.904815197,6.331729889,5.818067551,7.418889999,7.648614883,10.21755028,11.51199961,10.53480005,10.41485023,12.11345005,5.908140182
8.95265007,5.064670086,5.637239933,8.095990181,6.80411005,6.289629936,7.386869907,8.676030159,10.22210026,11.48379993,10.54319954,10.24800014,11.63570023,5.892869949
8.785355091,5.224329948,5.176064968,6.868114948,6.002470016,5.753389955,6.735125065,7.55498004,9.904950142,11.51060009,10.32775021,10.39394999,12.37909985,6.048689842
8.002429962,5.323935032,5.279345036,6.714644909,5.786460161,5.709465027,6.225404978,7.019469976,9.644469738,11.55089998,10.48775005,10.78254986,10.11362982,5.915724993
7.601219893,5.412319899,5.487884998,6.637020111,5.675265074,5.842705011,6.171384811,7.123534918,8.861579895,11.65705013,10.54400015,11.07934999,9.72823,6.183625221
7.237240076,5.485539913,5.884594917,6.862645149,5.588560104,6.096482515,6.194950104,7.211099863,8.785509586,11.4602499,10.63760042,11.36129999,9.807505131,6.203784943
6.853730202,5.481299877,5.859139919,7.103990078,6.052090168,5.822414875,6.594540119,7.18927002,8.470720291,11.48239994,10.6480999,11.39890003,8.618209839,6.213580132
8.629929543,5.535890102,5.247889996,7.08107996,5.997640133,6.72930479,6.839159966,8.283809662,10.28100014,11.0795002,10.39420033,10.16829967,12.77270031,6.374760151
9.137069702,5.222199917,5.324719906,7.843989849,6.419400215,6.899804831,7.65362978,8.484149933,10.62139988,10.89560032,10.57059956,10.11369991,12.55490017,6.201230049
9.11798954,5.120580196,6.260300159,8.603630066,6.917840004,7.301020145,8.144599915,9.302359581,10.27169991,10.9843998,10.62839985,9.924449921,12.53969955,6.348450184
9.583749771,5.38406992,7.417510033,10.63500023,7.78594017,8.187869787,9.693160057,10.22840023,10.69309998,11.4005003,10.97570038,9.18171978,12.89330006,6.366509914
9.015410423,5.383619785,5.903989792,7.764780045,6.518149853,7.136874914,7.843579769,9.471240044,10.44149971,11.17860031,10.66009998,9.583660126,13.07680035,6.297810078
8.978110313,5.229730129,7.172939777,7.995900154,6.782700062,7.332584858,7.833059788,10.07579994,9.741479874,11.04170036,10.49880028,9.682720184,11.96809959,6.360310078
8.516260147,5.644209862,9.174309731,9.408659935,8.60531044,8.700705051,8.56855011,11.66300011,9.430999756,11.13319969,10.59850025,9.788100243,12.29950047,6.592309952
8.190810204,5.816629887,10.88560009,9.816120148,11.07960033,10.55623007,9.12376976,12.96140003,9.12185955,10.98600006,10.33920002,9.98266983,12.46490002,6.652329922
9.508863449,5.573113283,9.376719793,9.806226412,10.81836001,11.04388523,8.815633456,12.54326661,10.55243333,11.5832332,11.94989999,9.919226646,12.28910001,6.572366714
9.321323395,5.425990105,7.86302344,9.08741347,8.684323311,9.298938274,8.104923566,11.50936667,10.48753325,11.3572998,11.66056665,9.852659861,12.43336646,6.587796688
9.439846675,5.525540034,8.612600009,9.381553332,9.88896656,10.24391492,8.422976494,12.214667,10.76356665,11.5619669,11.92126687,9.887420019,12.74923325,6.521876812
9.396399816,5.414230029,9.060913404,9.735966682,9.99202315,10.41695992,8.943779945,12.4242665,10.71326637,11.40126642,11.83329995,9.731366793,12.7191,6.649603208
9.2077233,5.442866643,9.550123215,9.714429855,10.82796669,11.08366664,8.852889697,12.64926688,10.64426676,11.63189983,12.23376656,9.79731973,12.61893304,6.628926595
9.236426353,5.4091266,8.390803019,9.31836319,9.641539892,10.05196651,8.375530243,12.06766669,10.50400003,11.37090015,11.6905667,9.900116603,12.35450013,6.473013242
9.543476741,5.636956692,8.691996574,9.54807663,9.647589684,9.953138034,8.480569839,12.13156637,10.8089997,11.45116679,11.52576701,9.921756426,12.65703328,6.715186755
9.226309776,5.613726616,7.863963445,9.032413165,8.207003276,8.548254967,8.098236561,11.60663319,10.91130002,11.59919993,11.24800014,9.863106728,12.73936653,6.567433198
8.399919828,5.432416757,8.094696522,9.305663427,8.9485267,9.450166384,7.967919985,11.81583341,10.86320019,11.34183343,12.04943339,9.807299932,12.5820001,6.459780057
8.437646548,5.633853436,10.59073671,9.947033246,12.61616675,12.23719994,8.950512886,13.3822333,10.88003318,11.46050008,12.55276648,9.935262998,12.69476636,6.596283277
9.2527167,5.443996588,11.11950016,10.58850002,12.7002999,12.70864995,9.48688666,13.53560003,10.54950015,11.40963364,12.09899998,9.814499855,12.57033348,6.65144666
9.187579791,5.484306812,10.49656645,9.980466525,11.40249983,11.28153324,9.032869975,13.22643312,10.73753325,11.54310004,11.34196663,9.847659747,12.73823357,6.513123353
9.025386492,5.383659999,7.979476611,8.715876897,8.169960181,8.812731584,7.738810062,11.79576683,10.73109976,11.5497001,11.30096658,9.81615003,12.40593338,6.593826612
9.212714911,5.542394996,10.45701742,10.04171753,11.36087513,11.46681249,8.938035011,13.31912494,10.91657495,11.59182501,11.21630001,9.800629854,12.96815014,6.672919989
6.852377987,5.783069897,5.985925961,6.536825943,5.830720043,6.719342947,6.216703987,8.854365921,9.921636009,11.36242008,11.39942017,9.592410088,12.64906006,6.476799965
5.870815039,6.146969795,6.062649965,6.546119928,6.558354855,7.598075032,6.428610086,9.435329914,10.27160025,11.35365009,12.64779997,9.658899784,13.28114986,6.644429922
5.993079901,5.717784882,5.441110134,6.075604916,5.609555006,6.595942616,6.078699827,7.868005037,9.949794769,11.12664986,11.88749981,9.688650131,13.09765005,6.61681509
5.356494904,5.75804019,8.096645117,7.292984962,8.867455006,9.562599897,6.497494936,11.70179987,9.942840099,11.06974983,12.43025017,9.651724815,13.03310013,6.574904919
7.073756695,5.402896881,5.917963187,6.969709873,5.803753376,6.757283211,6.475283305,9.508940061,9.693943659,11.22259998,11.52896659,9.251163165,12.54649989,6.366889954
5.682054996,5.573210001,6.906679869,7.093415022,6.444010019,7.649240017,6.262454987,10.89214993,9.901864529,11.25260019,12.84470034,9.342579842,12.90299988,6.336585045
5.410519838,6.027280092,11.43074989,9.912020206,11.91920042,12.53642488,8.060270309,13.82700014,9.672940254,10.03253508,12.70284986,8.868834972,12.92440033,6.868379831
5.628875017,6.729389906,9.373779774,8.504124641,9.687279701,11.87877512,6.493699789,13.45969963,9.352660179,9.226514816,12.19084978,10.12836504,12.61775017,7.101984978
5.547940016,6.204385042,7.799354792,7.576630116,7.279639959,8.503140211,6.514834881,11.0717001,9.099205017,9.097609997,12.37424994,10.23915005,12.51210022,6.764889956
5.389959812,6.087309837,6.579299927,7.373179913,6.963749886,7.918429852,6.133160114,9.206139565,11.26379967,11.33230019,12.81480026,12.49530029,12.8100996,8.103520393
6.607410192,5.713089943,5.744105101,6.512094975,4.739214897,6.862465024,5.344514847,8.652975082,9.605480194,11.23019981,11.34695005,9.268689632,12.80664968,6.324780226
6.747300148,5.064099789,6.442900181,6.949279785,4.848249912,6.74695015,6.10739994,9.052599907,9.377790451,11.43190002,11.56760025,9.256699562,11.71959972,6.246650219
6.466670036,5.677909851,5.659939766,6.447490215,5.58781004,6.620894909,5.931529999,9.019900322,9.244050026,11.52149963,11.46269989,9.287619591,11.69229984,6.357359886
7.834859848,5.538343271,10.42873351,9.873123487,10.7377402,11.3881518,8.47729667,13.44896666,10.17063332,8.597819964,12.35259978,9.490780195,12.91486645,6.696386655
7.128240108,5.474510193,5.337450027,6.598420143,5.576630116,6.584295034,6.147429943,9.278059959,9.954669952,11.70250034,11.12549973,9.633130074,12.86149979,6.440820217
7.12367328,5.708043416,5.64538002,6.503486633,5.697759946,6.885350148,6.337903341,9.135343552,9.88561662,11.61469968,11.4435997,9.589646657,13.02529971,6.546696663
6.129454851,6.054819822,9.925429821,10.05457973,9.668775082,11.24679995,8.370395184,13.28445005,9.857850075,10.26195002,12.49564981,9.454745293,13.43799973,6.753674984
5.682529926,6.360919952,7.378689766,7.816790104,7.107439995,8.667915106,5.661079884,11.22159958,8.888219833,9.436079979,12.01439953,9.93585968,12.6619997,6.784629822
7.735016664,6.539193312,12.31433328,10.68823369,12.62453334,12.87449996,8.480763117,13.86959998,9.881463369,11.68033346,11.75783348,8.995130221,12.79076703,7.44329675
6.943359852,5.924459934,5.634860039,6.45991993,5.657470226,6.574170113,6.216499805,8.80053997,9.869689941,11.69089985,11.13939953,9.500659943,12.69050026,6.722439766
6.743605137,4.835930109,5.964979887,7.297904968,5.599630117,4.575479984,5.795969963,6.571074963,8.363019705,10.71900034,9.085245132,9.852000237,12.25939989,5.543490171
7.144840002,6.235884905,6.406200171,7.507664919,6.521655083,5.905207515,6.690490007,7.173175097,9.212550163,10.21974993,9.857759953,9.231679916,12.42289972,6.835934877
7.614610195,6.627675056,6.696415186,7.795415163,6.904055119,5.431722581,7.257775068,7.199095011,8.574985027,10.28110504,9.283864975,9.263289928,12.06870031,6.255574942
6.52562499,6.427880049,6.026560068,7.823325157,6.994890213,5.910242498,6.729944944,7.627944946,8.713559628,9.379205227,10.16379499,7.887120008,11.15545034,7.151125193
7.165189981,6.032994986,6.862499952,7.701279879,5.780184984,5.630120039,5.535384893,6.980575085,9.259579659,10.82824993,9.582489967,9.840875149,12.37680006,6.775635004
7.137475014,6.193500042,6.314599991,7.668595076,6.919589996,6.147222519,7.236745119,8.062390089,9.143115044,10.22026014,10.12598515,8.235085011,11.3689003,6.875294924
7.262699842,5.853250027,6.385050058,7.415844917,6.955360174,5.944032431,6.972779989,7.677629948,8.992789745,10.78665018,9.325020313,9.689195156,12.34075022,6.678254843
6.965779781,6.459155083,6.042364836,7.205474854,5.971515179,6.059652567,6.398074865,7.154495001,9.312044621,10.24560022,9.699319839,8.982740402,11.91604996,6.695955038
6.357885122,5.948869944,5.946685076,6.37038517,5.562979937,6.61618495,6.340579987,8.012920141,10.01524973,11.30629969,11.4621501,9.495540142,13.0956502,6.592410088
5.929336707,5.81956323,5.741803169,6.298936526,5.541869958,6.101931651,5.979706605,7.880706628,10.19916344,10.83913326,11.04436652,9.224280039,12.56016668,6.574356556
6.035226504,5.839649836,5.736930052,6.145243327,5.556003253,6.526208401,6.186606725,8.281876564,10.29850006,11.09126663,11.58203348,9.383889834,12.86990007,6.569483439
7.170930068,5.716503302,7.326046626,6.700760047,6.584329923,7.922771692,6.622623444,11.39156659,10.03687318,11.14470005,11.03049978,9.417303403,12.8378334,6.511930148
7.340426604,5.892210166,5.880136649,7.04229339,5.884506543,7.123493354,6.196016788,9.38408343,9.757736524,11.14286677,11.47963333,9.290953318,12.81819979,6.584776719
8.493804932,5.812335014,10.06526756,9.301395178,11.14555001,11.70800006,8.152674794,13.39982486,10.24300003,11.34212494,12.16922522,9.468537569,12.62094998,6.780912399
7.976636728,6.146323363,11.16943328,9.250766754,13.30550003,13.51691643,8.301046689,13.98816681,9.510669708,9.375470161,10.74809996,9.511819839,12.77819983,6.748696804
8.068942165,5.518916035,11.16917992,10.21635799,13.18279991,13.60365,9.374279976,13.66812,9.73407383,10.16736012,11.18886013,10.02674999,12.53621979,6.420955944
7.798493226,6.254856745,10.64699999,9.394896507,13.25883325,13.42173338,8.066516558,13.84779994,9.311373075,9.471186638,10.52303314,9.727233251,11.82026672,6.612500032
7.711819967,5.924793402,11.29529985,9.446719805,13.40260029,13.49348323,8.010890007,13.85700003,9.590940158,9.371166865,11.83313338,10.07354991,12.08433342,6.68124342
8.704166412,5.176413377,10.77413336,9.954463323,12.38409996,13.35488335,8.048269908,13.57163334,9.311500231,10.27893321,11.226367,9.905020078,12.21373336,6.377726555
7.131566683,6.313683192,8.485153516,7.382073243,10.39973354,11.99671666,7.288176537,13.42389997,9.44285361,8.792199771,10.58226681,8.888329824,11.37963359,6.837576707
7.840610027,5.94144996,10.11404991,9.76470693,12.58546638,12.84961669,7.978366852,13.70076688,9.325213432,9.371486664,12.31836669,10.43760014,11.14116669,7.109243393
7.144436677,6.064280033,9.648439725,9.115556399,11.97850005,12.6122667,7.24616003,13.73683325,9.464220047,9.24017334,11.85533333,10.11663977,11.19869995,6.715550105
7.001923402,5.941683292,8.014863173,7.392253399,8.782456716,11.00451676,6.905643304,12.86660004,9.028243383,8.914600054,10.51986663,8.922609647,11.08369986,7.088029861
7.169289907,5.814946651,8.312213262,7.379653295,9.997839928,10.74891663,7.133766651,12.76499971,9.334769885,9.048209826,9.999193192,9.091499964,10.40526676,6.703639984
8.461235046,5.491225004,7.132499933,6.938524961,8.020215034,9.490952492,7.030304909,11.40105009,10.88845015,10.99790001,11.89870024,10.45534992,12.79719973,6.330799818
8.145689964,5.277699947,8.979390144,7.539984941,10.58050013,11.12549996,7.387089968,12.70300007,10.46505022,10.75244999,11.37004995,10.14559984,12.47245026,6.311355114
8.04082489,5.789525032,7.891755104,7.187664986,7.720610142,9.160219908,7.34604001,11.92609978,10.90380001,11.40485001,10.98934984,9.338580132,12.55644989,6.873394966
8.41596508,5.353479862,12.57859993,10.89484978,13.85300016,13.77815008,10.80980015,14.01769972,11.96405029,10.88780022,11.68130016,9.447444916,12.9295001,6.671819925
6.785145044,5.443690062,5.692470074,6.057470083,5.65151,6.192554951,6.391144991,7.442070007,10.34945011,10.89919996,10.84360027,10.24810028,12.33605003,6.47824502
7.321594954,5.275555134,5.689039946,6.320885181,6.317894936,6.167992592,6.538990021,7.749245167,10.31505013,11.09884977,10.54365015,9.816020012,12.23769999,6.351104975
7.149659872,5.907944918,8.450030327,8.955564976,8.201555252,9.90930748,9.14771986,12.40205002,11.28454971,10.83669996,12.17740011,9.712339878,13.41695023,6.989705086
8.489219666,5.494450092,5.214210033,6.744719982,5.647799969,5.562979937,6.085370064,7.62638998,9.92471981,10.82400036,9.41174984,10.68080044,12.38619995,6.354219913
8.58314991,5.553999901,5.176710129,6.651000023,5.545499802,5.694344997,6.23623991,7.902060032,10.27260017,10.77950001,9.420399666,10.72770023,12.42479992,6.266439915
9.017530441,5.575329781,5.204140186,6.769090176,5.717420101,5.754554987,6.385660172,7.764820099,10.31210041,10.78180027,9.58578968,10.46809959,12.51850033,6.487490177
8.452300072,5.27726984,5.77147007,6.927159786,6.731639862,5.677569866,6.92633009,9.221920013,10.33010006,11.33139992,9.633999825,10.48560047,12.43500042,6.132329941
8.935009956,6.078430176,5.70472002,7.240310192,6.021150112,6.118760109,6.923719883,9.369580269,10.34249973,11.46070004,9.333459854,10.24839973,12.66559982,6.475830078
8.794300079,5.37387991,7.715149879,8.080490112,8.164050102,7.136145115,7.932069778,12.20180035,10.62650013,11.68529987,10.0472002,10.18780041,12.56050014,6.25094986
9.144530296,5.431990147,9.134719849,8.864419937,10.28530025,9.304635048,8.857439995,12.68319988,11.71360016,11.64050007,10.81099987,9.828120232,12.9126997,6.365709782
7.652329922,5.281020164,9.135669708,8.006529808,11.08850002,10.79180002,8.627929688,12.88490009,12.18389988,11.51200008,11.44050026,10.0472002,12.93500042,5.990829945
8.107660294,5.980979919,6.518420219,7.89068985,6.894760132,7.298569918,6.679100037,9.623539925,11.45400047,11.48320007,10.64420033,9.620550156,11.80970001,6.901319981
8.590940475,5.777770042,5.675690174,6.897530079,6.020170212,5.603199959,6.418789864,7.816219807,9.944049835,10.91110039,9.406900406,10.55420017,12.54810047,6.379740238
8.401370049,5.596020222,5.632579803,7.178009987,7.08630991,5.641505003,6.498360157,8.076029778,9.879150391,10.74100018,9.479669571,10.7791996,12.47959995,6.409210205
8.82172966,5.796000004,5.515379906,7.478809834,6.183899879,5.87768507,6.906219959,8.654250145,10.32139969,11.49170017,9.155269623,10.83530045,12.67710018,6.523590088
9.299039841,7.179200172,7.223919868,7.751510143,7.266570091,7.089035034,7.87567997,11.40620041,10.56260014,11.7901001,9.880579948,10.68739986,12.64669991,7.138120174
9.198670387,5.703619957,8.579770088,8.396149635,9.30093956,8.769694805,8.520560265,12.59080029,11.01990032,11.50319958,10.63630009,9.897589684,12.87090015,6.320059776
8.489959717,5.108359814,9.370490074,8.666080475,11.26309967,10.71226025,8.845760345,12.98849964,12.0255003,11.73560047,11.49810028,10.01189995,13.02050018,6.035630226
7.894299984,5.500430107,8.877389908,8.121299744,11.35879993,10.99744987,8.444829941,12.61170006,12.20769978,11.65159988,11.47500038,9.762140274,12.99450016,6.250319958
7.575650215,5.704440117,8.608139992,7.818029881,10.36180019,10.23385477,7.833300114,12.15139961,12.3032999,11.57750034,11.54640007,10.14570045,12.85459995,6.560170174
7.510200024,5.611569881,7.350059986,7.244780064,9.231579781,8.27677989,6.494639874,10.43000031,12.36989975,11.29609966,11.3465004,10.44040012,12.42580032,6.726570129
8.344148254,5.440668011,5.344332027,6.602285957,5.518041992,6.371243,6.215954018,8.492697906,10.11691837,11.16093998,10.19381981,10.4721199,12.58150005,6.264601994
7.872028065,5.677400017,5.389408112,6.440969944,5.394429874,6.004065037,6.141034031,7.7254879,10.14653206,10.7847599,10.37841988,10.36152,12.72259998,6.220678043
8.575814056,5.376623917,5.224757957,6.765672016,5.377144051,6.090897989,6.013111973,7.332929993,10.15476208,11.12342014,10.55656013,10.12713814,12.72782021,6.204733944
8.381150246,5.375760078,5.094150066,6.615320206,5.860459805,5.51846981,6.587860107,7.733029842,10.38379955,11.41870022,10.39570045,10.8132,12.50059986,6.08299017
7.384640217,5.398349762,5.138249874,6.728640079,5.641590118,5.991039991,6.55230999,7.561460018,9.575139999,11.27369976,10.78100014,11.42020035,11.42310047,5.916059971
6.790030003,5.382259846,5.484859943,6.80768013,5.421269894,6.023530006,6.334169865,7.669769764,8.927220345,11.47599983,10.59539986,11.34799957,11.2116003,6.316770077
6.983670235,5.181529999,7.493810177,7.779359818,6.645569801,6.582084894,7.60559988,10.36550045,9.119799614,11.79329967,10.95600033,11.40579987,11.07970047,6.285719872
8.077670097,5.004189968,5.326869965,6.954599857,5.779930115,5.537309885,6.699090004,7.945809841,9.836779594,11.87290001,10.52630043,11.11839962,12.3572998,5.964690208
7.62033987,5.002649784,5.05591011,6.670259953,5.904009819,5.862229824,6.921730042,7.894549847,10.14550018,11.55930042,10.62380028,10.93729973,12.33699989,6.036129951
7.729249954,5.237889767,5.380829811,7.034100056,6.092050076,5.849349976,6.718410015,7.673630238,10.01580048,11.94690037,10.33510017,10.8526001,12.40579987,5.990230083
7.644800186,5.09803009,5.480249882,6.947500229,5.844279766,5.727575064,7.27643013,7.970439911,10.21020031,11.63010025,10.70429993,11.07929993,12.5777998,6.168769836
8.074449539,5.014420033,4.896140099,7.061850071,5.877550125,5.439749956,6.849040031,8.012700081,9.760519981,11.8178997,10.56579971,10.83090019,12.41359997,6.038410187
7.280759811,5.277150154,5.187900066,6.785059929,6.056990147,5.930809975,6.655459881,8.077810287,9.869689941,11.5,10.96080017,10.74720001,12.28190041,6.12142992
7.361070156,5.476170063,5.69231987,7.143260002,6.247019768,6.575089931,7.224919796,8.982540131,9.829139709,11.70549965,10.90799999,10.70499992,12.43200016,6.246600151
6.886099815,5.219099998,6.857749939,7.544109821,7.305890083,7.320389986,7.132549763,10.56429958,9.800359726,11.71179962,11.00109959,10.44489956,12.41609955,6.306849957
8.041560173,5.19863987,5.287610054,7.013929844,6.142099857,5.737425089,6.809810162,8.029219627,9.843440056,11.7553997,10.52970028,10.95680046,12.33990002,6.183139801
7.446100235,5.425819874,5.398610115,7.05053997,6.128650188,6.027539968,6.814260006,7.726379871,9.855409622,11.80959988,10.27649975,10.89900017,11.52449989,6.112530231
6.605360031,5.256740093,5.802189827,7.112810135,6.043560028,5.692540169,6.595049858,7.894159794,8.970789909,11.98289967,10.11789989,11.07859993,11.00660038,6.264659882
6.259220123,5.465799809,5.732600212,6.931029797,5.978340149,5.933019876,6.674980164,7.998839855,8.44546032,11.99890041,10.38599968,11.26350021,10.5564003,6.278779984
8.315469742,5.277860165,5.541490078,7.285990238,5.914929867,5.718194962,7.054450035,7.833049774,10.0802002,11.60639954,10.51369953,10.7329998,12.14890003,5.998869896
7.268549919,5.584030151,5.82490015,6.844439983,6.182899952,6.108999968,6.940609932,8.116029739,9.630129814,11.62320042,10.60529995,10.48929977,11.83259964,6.431769848
6.908430099,5.379030228,6.55809021,7.538969994,6.526329994,6.62934494,7.657939911,8.965189934,9.424119949,11.80080032,10.76819992,10.81459999,11.65680027,6.11920023
6.747270107,5.676020145,8.336569786,8.271109581,8.375709534,8.08762002,8.178730011,11.38580036,9.268400192,12.02779961,10.86940002,10.72480011,11.41740036,6.315529823
9.990469933,5.21367979,5.738130093,7.322229862,6.323579788,6.206305027,6.836770058,8.384129524,10.91860008,11.72389984,10.88659954,10.43449974,13.00940037,6.118850231
9.278599739,5.565770149,5.971950054,9.194649696,6.325950146,6.898639917,7.838439941,9.005979538,10.7567997,11.64369965,11.06579971,9.594280243,12.74779987,6.259119987
10.16499996,5.422520161,8.576120377,10.87440014,7.3125,7.31885004,9.262499809,10.32310009,11.05490017,12.05379963,10.75990009,9.249329567,12.67650032,5.946630001
9.352069855,5.519989967,12.36079979,10.91149998,13.72049999,13.23210001,9.447199821,14.11660004,10.88490009,11.15429974,12.45079994,9.691249847,12.9758997,6.259560108
7.655029774,5.503489971,12.68229961,10.79189968,13.7979002,13.33885002,9.859769821,13.95979977,11.76049995,10.83870029,12.57400036,9.74353981,12.82590008,6.726880074
9.479029655,5.426050186,5.578579903,7.127319813,5.889309883,6.162534952,6.764729977,8.236499786,10.7730999,11.50559998,10.44859982,10.1843996,12.74020004,6.138740063
8.843850136,5.715690136,6.358039856,8.968379974,6.493249893,6.862795115,7.299880028,8.885499954,10.09619999,11.82610035,10.85289955,9.9480896,10.85050011,6.202129841
8.837380409,5.551259995,8.573820114,9.485679626,7.356110096,7.409240007,7.636109829,10.40320015,9.713749886,11.66250038,10.31849957,9.742650032,10.75090027,5.909100056
7.819039822,5.628339767,10.67199993,8.777359962,11.98799992,11.4774003,7.548230171,13.31939983,8.979949951,11.18869972,11.11680031,10.09790039,10.74030018,6.050849915
7.718289852,5.776239872,10.57849979,9.029319763,12.11639977,10.60711002,7.291339874,13.0085001,8.810919762,11.2723999,11.05360031,10.38570023,10.21860027,6.463329792
9.312939644,5.576620102,5.299900055,7.576099873,6.071090221,6.355659962,7.035840034,8.064499855,10.50479984,11.07040024,10.63319969,10.35319996,12.52999973,6.535639763
8.678580284,5.86906004,5.582230091,7.632959843,6.418970108,6.549595118,6.870490074,8.561860085,10.37699986,11.56200027,11.02169991,9.707679749,12.56770039,6.608920097
8.429080009,5.656760216,5.91463995,7.761360168,7.370460033,6.826290131,7.053709984,9.068570137,10.18010044,11.56809998,10.74349976,10.26589966,12.36240005,6.501180172
8.135939598,5.633490086,6.134309769,8.445599556,7.971260071,7.094780207,7.449299812,9.295900345,10.19190025,11.87129974,11.03829956,10.25520039,12.14890003,6.471859932
7.767399788,5.631010056,6.907110214,8.938559532,9.492179871,7.454070091,7.979979992,10.99380016,10.07089996,11.7116003,11.1239996,10.15970039,12.26259995,6.466070175
8.426989555,5.345200062,6.377659798,6.336390018,5.952360153,6.318400145,6.070049763,9.090189934,9.799460411,11.47599983,9.739089966,9.864649773,12.18340015,5.999279976
8.601099968,4.866819859,5.960189819,6.568699837,6.116869926,6.073260069,6.600450039,9.145609856,10.19180012,11.60309982,10.42809963,9.909640312,12.39570045,5.717559814
8.312809944,5.296520233,6.399919987,7.200960159,6.519909859,6.904809952,6.850940228,9.384690285,10.41600037,11.52939987,10.8579998,9.873279572,12.47200012,6.200920105
7.731850147,5.608089924,6.661819935,6.922939777,7.566359997,7.490635157,6.772069931,10.45549965,10.5539999,11.76850033,11.08530045,9.94892025,12.56099987,6.356939793
7.447629929,5.420770168,11.07019997,9.208359718,12.86079979,12.7163496,9.167759895,13.8217001,10.70419979,11.12279987,12.05910015,10.1541996,12.96329975,6.283649921
8.375340462,5.301670074,5.310299873,6.950459957,5.880469799,5.679809809,7.060709953,8.253609657,9.928489685,11.63479996,10.36159992,10.35239983,12.36470032,5.996449947
8.299770355,5.338479996,5.634769917,7.06867981,6.145249844,5.936245203,7.079080105,8.074359894,10.14760017,11.48649979,10.29020023,10.5770998,12.31089973,6.04516983
8.399479866,5.377359867,5.292870045,7.098959923,6.394169807,6.628730059,7.487020016,8.895139694,10.23050022,11.84819984,10.85789967,10.49750042,12.17029953,6.108970165
7.88338995,5.316740036,5.67677021,7.010670185,6.894750118,7.009575129,7.158889771,9.993220329,10.00030041,11.62059975,10.56900024,10.57520008,12.12769985,6.049409866
7.804269791,5.50056982,5.849909782,6.987659931,6.849810123,7.050894976,7.023819923,9.931059837,10.21790028,11.55970001,10.68809986,10.34609985,12.29749966,6.03083992
8.490169525,5.062109947,5.327610016,5.979459763,5.912089825,6.446964979,7.119140148,8.738340378,10.32159996,11.68659973,10.63930035,10.14379978,12.41539955,5.993770123
8.005990028,5.227310181,5.581779957,6.295670033,6.376470089,6.608314991,6.852230072,9.249990463,9.925209999,11.72029972,10.45390034,10.08139992,11.59039974,6.305300236
7.407310009,5.502299786,5.909060001,6.375319958,6.698999882,6.980345011,6.848050117,9.23635006,9.450989723,11.75249958,10.6583004,10.54950047,11.19929981,6.13007021
6.711959839,5.799300194,7.316860199,6.78373003,7.751709938,8.175139904,5.981669903,10.23569965,8.8269701,11.51860046,10.68900013,11.1274004,10.71549988,6.479420185
6.332520008,6.291369915,7.273210049,7.361430168,8.084569931,8.295599937,6.382500172,10.29430008,8.604590416,10.84819984,10.21210003,10.23159981,10.02369976,6.821310043
8.407400131,5.7583251,5.601420164,7.013930082,6.594900131,5.810162544,6.676259995,8.02609992,10.06444979,10.72609997,10.11989975,10.53669977,12.69585037,6.645030022
8.334309578,5.660069942,5.356204987,6.631484985,6.120640039,5.750049949,6.167834997,7.949310064,9.678920269,11.41235018,10.63910007,10.27714968,11.92234993,6.31704998
7.680294991,5.943400145,5.299610138,6.780234814,6.160179853,5.857582569,6.340579987,7.953994989,9.439209938,11.27019978,10.80405045,10.60480022,11.19544983,6.517440081
7.865945101,6.079615116,7.39835,7.781194925,6.984440088,6.254417539,7.010710001,10.60655022,9.520635128,11.60004997,10.8043499,9.959320068,11.52925014,6.640840054
8.243929863,5.913740158,5.315730095,6.640349865,6.032269955,5.779564857,6.435649872,7.589449883,10.04329967,10.49870014,10.01620007,10.45779991,12.70069981,6.481810093
8.198599815,5.79321003,5.36537981,6.887760162,6.703219891,5.764085054,6.529520035,7.611939907,10.05200005,10.82890034,10.5539999,10.04240036,12.40380001,6.39428997
8.462779999,6.018630028,5.501080036,6.631929874,6.730500221,6.148860216,6.674530029,7.669449806,10.37059975,10.98419952,10.60340023,10.2876997,12.63220024,6.380929947
8.992259979,5.873239994,5.405179977,7.421579838,6.109829903,6.533360004,7.416779995,8.468810081,10.91810036,11.15579987,11.31919956,10.13640022,12.51669979,6.505010128
8.658329964,5.407479763,5.617189884,6.940310001,7.093389988,5.372390032,6.600850105,7.567759991,9.562540054,11.61989975,10.00300026,10.02830029,12.5340004,5.985539913
8.167559624,5.670080185,5.669290066,6.788579941,6.765699863,6.415790081,6.624159813,8.093009949,10.28499985,11.5965004,10.91310024,9.879010201,12.75319958,6.361340046
7.813270092,5.674469948,6.152689934,7.116260052,7.486899853,6.318969965,6.850560188,7.770540237,10.17169952,11.61979961,11.02130032,9.768989563,12.58600044,6.828730106
7.465819836,5.993450165,6.97300005,7.442500114,9.681220055,9.142169952,7.430180073,11.86299992,10.98649979,11.35109997,12.59000015,10.07820034,13.00319958,6.686039925
6.341750145,6.184000015,7.002319813,8.212209702,8.145319939,8.377305269,8.067640305,11.26239967,10.55949974,10.45969963,12.83040047,9.050840378,12.88510036,6.844279766
7.806089878,6.213029861,5.652979851,7.105350018,7.255740166,6.378530025,6.673039913,7.934599876,9.896539688,11.52610016,10.79930019,9.67689991,12.58090019,6.580500126
8.013239861,5.85931015,5.918700218,7.030179977,6.926509857,6.160214901,6.634009838,7.817979813,10.30130005,11.51280022,11.18080044,9.571949959,12.61219978,6.116429806
7.40046978,5.680009842,5.280049801,6.791940212,6.497200012,5.736975193,6.637730122,7.872360229,9.802689552,11.47560024,11.4343996,10.4151001,12.84700012,6.549280167
8.022959709,5.659150124,5.64880991,6.920179844,6.706130028,5.442929983,6.764540195,7.880330086,10.66810036,11.75319958,11.26420021,10.59729958,12.35420036,6.24034977
7.937469959,5.951230049,5.342030048,6.845759869,6.161469936,6.073030233,6.637979984,7.621640205,11.40299988,11.48320007,11.5152998,10.75259972,13.33810043,6.909289837
8.422240257,5.919650078,4.79971981,6.474540234,5.445809841,6.107959986,6.057819843,6.240819931,10.71969986,10.73770046,11.59370041,10.58100033,13.55550003,7.21999979
8.102319717,6.422170162,9.354089737,8.155819893,8.406780243,6.328759909,7.495830059,9.910969734,9.481340408,10.73400021,9.764699936,11.08699989,11.8281002,7.200099945
7.756539822,6.480259895,9.39291954,7.54076004,8.058179855,6.595479965,7.293029785,9.976779938,9.031559944,11.28660011,10.06659985,10.31770039,12.56060028,7.27132988
7.400629997,6.183300018,9.03153038,7.37059021,7.847509861,6.636444807,7.021520138,9.658809662,8.970709801,11.32320023,10.19740009,10.91860008,12.64599991,6.990469933
8.007880211,5.458139896,5.118370056,6.868629932,6.784759998,5.932674885,6.663630009,7.350190163,10.91639996,11.19250011,11.19149971,10.08119965,13.61709976,6.28869009
7.998869896,5.886720181,5.012909889,6.767749786,6.62804985,6.371895075,6.589300156,7.237969875,10.86540031,11.10319996,11.26259995,9.326849937,13.7013998,6.875110149
6.643320084,6.077340126,4.976920128,6.252810001,6.719089985,6.018485069,6.09416008,6.975830078,10.63910007,11.17990017,11.03380013,9.742819786,13.67889977,6.81828022
9.283277893,5.310766029,12.85610008,11.74944,13.68715992,13.54132004,10.41326008,14.09603996,10.46172009,11.31777992,11.61127987,9.107334328,12.70438023,6.138530064
9.203237915,5.300449944,9.695915985,9.241164017,9.102604103,10.21523495,8.126513958,13.22622013,9.774806023,11.05529995,11.23860016,9.008872032,12.5701601,6.034393978
8.693955994,5.582460117,11.86355991,10.66894016,12.28226013,12.53246002,9.05466404,13.82210007,10.19654217,11.08069992,12.25601997,9.352394104,12.36954002,6.365513992
7.137519836,6.512090206,12.37469959,9.943200111,12.18719959,12.67030001,7.730510235,13.13409996,9.430299759,9.767149925,11.62650013,9.368049622,10.71679974,6.914259911
7.524680138,7.226645231,8.900159836,8.720030308,8.792534828,10.06429243,7.006765127,10.04370975,9.389649868,10.62080002,11.86135006,9.259870052,10.47280025,7.252180099
7.430950165,6.599770069,11.78509998,10.29850006,11.5781002,12.16569996,7.612609863,12.75090027,9.422450066,10.50809956,11.99349976,9.640179634,10.86629963,7.219709873
7.016089916,6.711480141,10.58290005,9.348970413,9.664890289,10.38719988,7.297210217,11.1189003,9.284830093,9.412449837,11.66209984,9.241660118,10.48700047,7.695970058
6.049089909,6.470729828,9.78194046,9.359669685,10.21879959,10.19104528,6.569809914,11.8125,9.376930237,9.252779961,11.22850037,9.67317009,10.53610039,6.954060078
7.738190174,6.255380154,12.42870045,10.09319973,13.48149967,13.2034502,7.294730186,13.67669964,10.21049976,10.25469971,12.72430038,10.12450027,11.69369984,7.014259815
6.988983313,5.42686669,5.120226542,6.970369975,5.554036776,5.422564944,5.969029903,7.244533221,9.680366834,10.13545322,10.72233327,10.03343995,12.90863323,6.217563311
7.065023263,5.577470144,5.382949988,7.501399994,6.040656567,6.152925014,6.506629944,8.003100077,9.591456731,11.39103317,11.0406332,9.51684316,12.87959989,6.358236631
7.227159977,5.420470079,7.640383403,8.274383386,8.076950073,9.158553203,7.420393308,11.64696662,10.36396662,11.57313315,11.80273342,9.530339877,13.21156661,6.296153386
6.360176722,5.523550034,7.418456713,8.31772995,8.339203358,8.853246689,7.38582023,11.53530979,9.953886668,10.40983359,11.68963337,9.850550016,13.01463318,6.077606678
7.569706758,5.203683376,5.08093675,6.628829956,5.584849993,5.534778277,6.087416649,7.609759967,9.42088,11.29533354,10.17733987,9.821393013,13.02793312,6.06268994
7.23993667,5.667209943,5.251670043,6.855486711,5.621643384,5.695476731,6.019749959,8.177950064,9.821246783,11.35840003,10.35969003,9.847266515,13.18100007,6.408539931
6.668096542,5.521333377,6.182509899,7.389509996,7.179340045,7.377928336,7.217346509,9.880420049,10.16860644,11.1480999,11.25596682,9.623549779,13.37846661,6.388319969
6.361193339,5.44268322,6.522033215,7.953743299,7.841826757,8.714111646,7.593249957,10.70458317,10.41049671,10.62716675,11.59619999,9.810116768,12.99886672,6.274443309
8.788060188,5.781139851,6.513294935,6.915795088,6.688910007,7.378592491,6.444395065,10.56675005,10.15869999,11.3593998,10.76669979,9.812559605,12.59964991,6.361619949
8.66539526,5.749620199,12.76300001,11.19024992,13.86229992,13.58684993,9.099935055,13.92140007,10.53820038,10.93985033,12.85459995,9.778554916,12.37459993,6.35213995
8.253129959,6.011934996,12.84200001,11.29089975,13.97434998,13.4986999,8.852920055,13.95085001,10.13894987,10.47520018,12.73930025,9.808725357,11.9005003,6.46901989
7.593080044,5.950100183,12.58395004,11.11565018,13.93094969,13.41277504,8.371960163,13.89515018,10.05288029,10.54580021,12.87210035,10.05315542,11.84320021,6.400440216
7.392149925,5.829079866,12.1868,10.88705015,13.72284985,13.22324991,7.794024944,13.90654993,10.12685013,10.14239979,12.53125,10.08207989,11.70849991,6.676455021
6.228985071,6.481559992,11.40549994,10.25324965,13.00169992,12.86255002,7.071810007,13.63185024,9.500390053,9.077704906,11.97049999,10.03500986,11.10695028,7.164074898
8.795945168,5.532169819,7.408439875,8.117239952,7.559950113,8.167890191,7.489470005,11.46150017,10.47235012,11.54984999,11.23530006,8.859200001,12.55610037,6.116065025
9.007335186,5.720910072,10.41909981,9.418310165,10.61679983,11.72767496,8.598084927,13.25229979,10.92050028,11.28690004,12.52649975,9.150599957,12.42654991,6.292840004
8.980424881,5.664585114,11.70950031,11.14795017,13.22110033,13.54844975,9.919670105,13.76800013,11.49735022,10.83554983,12.52439976,9.498380184,12.24469995,6.155169964
8.917259693,5.736389875,12.02399969,11.1107502,13.58015013,13.76437521,9.784725189,13.8427,11.40150023,10.59644985,12.28214979,9.618530273,12.15904999,6.342279911
8.739990234,5.784649849,11.90955019,10.57120037,13.57825041,13.81192493,9.098110199,13.69829988,10.96504974,10.46545029,12.07419968,9.889870167,11.6866498,6.509219885
6.889131927,5.871237946,8.137000084,8.218669987,9.811488152,10.65902987,6.534777927,12.06586018,9.461349869,10.12645798,11.14912014,10.06613998,11.75922012,6.338075924
9.012430191,5.625189781,12.46070004,10.64949989,13.70339966,13.69259977,9.536689758,13.78149986,10.23530006,11.25500011,12.17819977,9.726730347,12.45629978,6.182209969
7.816050053,5.85255003,11.6566,9.821499825,13.53979969,13.72189999,7.879600048,13.66079998,9.449640274,10.70549965,12.27299976,9.320420265,11.17660046,6.53030014
6.608310223,6.080770016,12.46399975,10.56610012,13.84599972,13.55830002,7.472519875,13.91520023,9.760140419,9.278690338,11.47970009,9.879650116,10.72649956,6.736410141
6.710840225,6.526539803,11.25389957,9.489520073,9.760950089,10.68018007,6.657820225,12.4513998,9.206910133,9.621939659,11.55459976,9.810750008,10.61540031,6.930990219
8.819359779,5.771649837,11.20390034,10.30340004,12.51640034,12.99739981,9.300290108,13.69649982,10.25459957,11.36750031,12.05879974,9.726499557,12.85750008,6.349939823
8.169300079,5.983520031,12.31879997,10.10540009,13.84459972,13.65110016,8.341239929,13.79520035,9.824959755,10.59640026,12.3835001,9.594869614,11.5394001,6.697909832
7.266250134,6.182630062,12.35669994,10.75230026,13.91090012,13.60479975,7.924950123,13.98589993,10.01150036,9.254630089,11.70940018,9.98871994,10.60459995,6.99890995
6.411300182,6.141220093,10.73419952,9.42663002,9.229920387,10.29685497,6.72823,12.2723999,9.420260429,9.466010094,10.52299976,9.211689949,9.788180351,6.493529797
9.152144909,5.658580065,5.594400167,6.443704844,5.838259935,6.440662503,5.744889975,7.591259956,10.8045001,12.17385006,11.64174986,9.170899868,12.20059967,6.200389862
9.023690224,5.426625013,5.631174803,6.329015017,5.483279943,6.052515149,5.887944937,7.589864969,10.72125006,12.24779987,11.65665007,8.950934887,12.11945009,6.172114849
9.284239769,5.622580051,5.873139858,6.785699844,6.210669994,6.420920134,6.694819927,9.337909698,10.89560032,11.92640018,10.79380035,9.543950081,12.3100996,6.334529877
9.286225319,5.429794788,6.089925051,6.328665018,6.047725201,6.561655045,6.736205101,9.284595013,10.85010004,11.81489992,10.81064987,9.631364822,12.23259974,6.160019875
8.534416835,5.727670034,6.184483369,7.555140018,6.525266647,7.650633335,6.957263311,9.905226707,10.52446683,11.06209977,10.55420017,9.542513212,11.87526671,6.35106341
8.55272007,6.194229921,7.256946723,8.828516642,5.741716703,6.584309975,6.371336619,8.928930283,11.23536682,12.57000001,13.00443331,8.587619781,13.75763321,6.810106595
9.337080002,5.480669975,9.224470139,9.236769676,10.79399967,11.15490007,7.962609768,12.85649967,10.48120022,11.26760006,11.6491003,9.733320236,12.22099972,6.296470165
9.51154995,5.603549957,5.644919872,7.794119835,5.658710003,6.233175039,6.511559963,7.938539982,11.28909969,11.84549999,12.16839981,9.031490326,13.45250034,6.715489864
8.096159935,5.766709805,5.638559818,6.899809837,6.597700119,7.25116992,6.271309853,9.383319855,9.881170273,11.25370026,11.37279987,10.10929966,12.2329998,6.348249912
6.777190208,5.738140106,5.821139812,6.807199955,5.634580135,6.39309001,5.684539795,8.204529762,10.61209965,13.08469963,13.12880039,9.931500435,13.65229988,6.643549919
8.553569794,5.807229996,6.310110092,7.962979794,5.870870113,6.591820002,5.476819992,9.014679909,10.83899975,12.65569973,13.03100014,8.843899727,13.68369961,6.926710129
6.293290138,5.571670055,5.679059982,7.13669014,6.136489868,6.798544884,6.206799984,8.590479851,10.58479977,13.11859989,13.16390038,11.14210033,13.60900021,6.795559883
6.736599922,5.58618021,6.55960989,8.185469627,6.703979969,7.642864943,6.666490078,8.884220123,10.87510014,12.11089993,12.8494997,11.1906004,13.08279991,6.867529869
7.864419937,5.649179935,5.429130077,6.619430065,6.588950157,6.801000118,6.137879848,9.003259659,9.694499969,11.14019966,10.9406004,10.24950027,12.27299976,6.314579964
6.830150127,5.487649918,5.632080078,6.422460079,5.513989925,6.162014961,5.693490028,7.420239925,10.18830013,11.34759998,11.27460003,10.15610027,12.57269955,6.370759964
8.681329727,5.590970039,5.078579903,7.117980003,6.235479832,6.65692997,6.159900188,7.752789974,10.24170017,11.18589973,11.95800018,10.91609955,12.94309998,7.587850094
6.972599983,5.409669876,4.865719795,6.327839851,5.61274004,5.950374842,5.631820202,7.10160017,10.02449989,11.31700039,11.08010006,11.06219959,13.05239964,6.199920177
7.234859943,5.120639801,4.909900188,6.009590149,5.416190147,5.711169958,5.804450035,6.853489876,10.12889957,10.61369991,11.45119953,11.5078001,12.95600033,6.616620064
9.286840439,5.798749924,6.920969963,8.10171032,7.408329964,8.149280071,7.524640083,10.7638998,10.39840031,11.05980015,10.75339985,9.368049622,12.69019985,6.635439873
8.631039619,5.708079815,11.02340031,10.55290031,13.30389977,12.72739983,9.824999809,13.68669987,11.04030037,11.61999989,12.76980019,9.975330353,13.44769955,6.710450172
8.187009811,5.483399868,5.329480171,6.328209877,5.738249779,6.515895128,6.788849831,8.413700104,10.21199989,11.40289974,7.446589947,10.16810036,12.77770042,6.572060108
8.090140343,5.629199982,6.17361021,7.189549923,7.262060165,8.156079769,8.247099876,10.62790012,10.67679977,12.14379978,7.371870041,10.02929974,13.33279991,7.016419888
8.156439781,6.100850105,5.497940063,6.764410019,6.109690189,6.810470104,7.241230011,8.804180145,10.46370029,11.00109959,11.01340008,10.29759979,12.60649967,6.607230186
7.300189972,5.536739826,7.060679913,7.807559967,8.754839897,9.485575199,8.07861042,11.40069962,10.90690041,11.8817997,12.68610001,9.966799736,13.39649963,6.680520058
7.558879852,6.744619846,10.13920021,10.5163002,10.53149986,11.31189966,7.862870216,12.85830021,8.89993,9.724140167,11.23550034,9.532790184,10.77470016,7.025219917
7.362390041,6.748370171,10.80340004,9.104559898,13.0447998,13.32490015,7.785240173,13.82320023,9.046330452,9.335619926,10.76469994,8.661520004,10.4744997,7.121419907
6.897379875,6.372539997,12.08959961,10.125,11.41720009,12.28484964,7.424379826,13.4052,9.581950188,9.748519897,11.41650009,9.216270447,10.43150043,6.834189892
10.03591537,5.51741004,10.30350971,10.04728985,11.5845499,11.48372483,8.509954929,12.89499998,10.79505014,10.52484989,10.7109499,9.600979805,12.79775,6.533070087
8.120079994,6.271520138,9.161929607,8.377164841,11.61995029,11.85087514,7.419120073,13.11364985,10.40707016,9.836095333,9.178589821,9.126259804,12.83275032,7.144524813
6.64422671,4.79436334,5.460726579,6.143696626,6.027920087,5.974496524,6.43304348,7.232426643,9.915693601,10.57163334,9.35680294,10.37853305,12.61656666,5.73936669
6.935133298,5.09095335,5.093200048,6.343106747,5.800796668,5.598649899,6.398210049,7.344500065,9.948926608,10.89439996,7.763290087,10.52330017,12.85106659,5.991006692
6.062086741,5.450749874,9.65846014,7.859683514,10.04867681,10.37093822,7.547279994,11.68668652,10.60357634,10.14160315,9.721433322,9.048193296,12.24086666,6.243979931
6.006450017,5.311483383,5.641196728,6.427456538,5.448400021,6.216473341,6.238793214,9.236430168,10.47962316,10.74563344,7.704763571,9.3306036,12.58193302,6.179086685
8.390460014,5.348730087,5.555069923,6.813189983,6.20028019,5.392860174,6.310229778,7.571139812,9.541199684,10.55270004,9.669280052,10.07040024,12.46710014,6.11011982
8.873600006,5.343800068,5.140329838,7.027939796,6.059000015,5.681529999,6.930640221,7.668719769,10.14630032,11.27960014,9.955149651,10.28110027,12.42280006,6.247059822
7.641819954,5.729519844,5.626850128,6.397900105,6.087250233,5.749544859,6.069910049,7.974450111,9.50576973,11.4751997,10.18570042,10.04380035,12.72130013,6.387350082
7.645589828,5.781320095,5.248559952,6.698500156,6.179180145,6.307219982,6.828629971,7.997640133,11.0873003,11.42870045,11.40009975,9.481539726,13.08850002,6.460649967
8.514380455,5.150499821,4.488639832,7.123129845,6.558199883,5.71784997,7.120900154,7.155409813,10.42759991,10.81449986,11.1395998,10.50469971,13.16779995,6.789400101
8.425680161,5.726359844,4.806350231,7.239910126,6.906610012,6.182309866,7.393109798,6.838170052,10.29290009,10.3465004,11.07610035,10.60599995,12.76469994,7.567200184
8.354359627,6.983300209,4.991859913,6.917069912,7.047210217,7.023104906,7.494170189,6.976019859,10.60070038,10.13129997,11.41860008,10.2961998,13.25510025,9.222849846
8.706270218,5.495069981,5.365250111,6.820310116,6.210959911,5.635044813,6.5583601,7.603419781,10.69589996,11.32419968,10.45339966,10.5223999,12.43939972,6.182889938
7.858329773,5.326489925,5.100860119,6.199110031,5.811840057,5.467875004,6.11082983,6.973919868,10.63589954,11.03069973,10.71860027,11.01509953,13.29170036,6.341869831
8.015529633,5.426809788,4.898079872,6.401080132,6.133759975,5.581330061,6.583119869,7.207009792,10.19849968,11.07909966,10.91829967,11.43970013,13.45919991,6.710949898
7.061830044,6.918029785,8.643819809,8.854800224,9.507269859,9.57344532,6.929059982,10.69509983,9.289730072,9.226759911,11.74709988,9.126460075,10.68270016,7.184309959
6.499629974,6.212999821,9.570119858,9.241459846,9.614419937,11.30849981,6.307710171,11.64579964,9.219200134,9.832030296,11.9435997,9.578249931,11.13549995,6.78358984
7.102059841,6.666369915,12.53810024,10.43190002,12.80280018,13.3758502,7.86108017,13.52770042,10.21189976,9.646419525,11.30200005,9.621890068,11.54399967,6.943130016
6.970990181,6.394420147,10.85449982,8.517080307,8.023539543,11.03494978,6.762179852,12.1335001,9.562049866,9.382510185,10.45289993,9.333390236,11.06540012,7.095990181
8.484760284,6.45897007,9.922019958,10.00829983,9.210639954,10.2420249,7.335120201,12.2020998,9.745100021,11.06750011,11.91559982,10.29710007,10.96290016,6.605979919
7.545060158,5.470459938,11.73309994,10.93330002,12.71920013,13.09844971,8.355110168,13.44410038,9.979590416,9.973629951,12.15289974,10.63329983,11.42739964,6.43874979
7.784883976,5.365627956,5.370313835,6.76589613,5.955471992,6.095936012,6.192922115,8.363280106,9.710778046,11.28839989,10.81015987,10.28863983,12.35653992,6.312967968
8.975681877,5.148040104,5.698594093,7.431336021,6.010797977,6.088898993,6.622523975,8.586762047,9.91604805,11.51661987,10.46735992,10.39538002,12.58575993,6.139705944
9.29216423,5.190659904,6.692949963,8.177334118,6.456615925,6.408378935,7.395219994,9.963821983,10.73965988,11.85053978,11.53932018,9.820314026,12.78841991,6.171222019
8.569212151,5.320536137,6.557971859,7.737298012,6.88409996,6.968142033,7.072905922,11.00410004,10.34305992,11.40823975,11.42932014,10.08628788,12.34428005,6.23506794
7.580780029,5.333469868,11.74740028,8.71380043,13.13609982,13.34170008,6.941349983,13.5067997,11.27970028,10.6427002,10.08769989,9.602330208,12.21850014,6.337739944
7.854459763,5.070549965,11.1552,9.28717041,11.80650043,12.05114985,8.060700417,13.38389969,10.54119968,10.7215004,9.625260353,9.855360031,12.74960041,6.09968996
7.687900066,7.522099972,6.162789822,7.341360092,6.656370163,7.754285097,7.449200153,7.542310238,9.205639839,10.05189991,9.779500008,8.285960197,9.85048008,7.664420128
6.721930027,6.905580044,11.24160004,9.198829651,10.59589958,11.74094963,7.386300087,13.27999973,9.111700058,9.833459854,10.69009972,8.805620193,10.77369976,6.508729935
6.937880039,6.505750179,6.793169975,8.306550026,8.335089684,8.400800228,7.361470222,9.264670372,9.040450096,9.449910164,11.99370003,10.66479969,11.61919975,6.897049904
7.006919861,6.846330166,6.20637989,7.210010052,7.220799923,7.665624857,6.971670151,8.251239777,9.669839859,9.113759995,11.00290012,9.934229851,11.8572998,7.168859959
7.305950165,7.358590126,11.37119961,8.599340439,10.67099953,11.48600006,7.412310123,13.28250027,8.97385025,9.867899895,10.49540043,8.915960312,9.980460167,7.187630177
7.622560024,6.484889984,10.24540043,9.463210106,10.47379971,12.15104961,7.628920078,13.28639984,10.13920021,10.63469982,12.04489994,9.32474041,12.34200001,6.766829967
6.494619846,6.010980129,5.894999981,8.235549927,10.23799992,8.836415291,6.369160175,12.73359966,8.997209549,10.61849976,11.71090031,9.347499847,11.96529961,6.84897995
7.526860237,7.156529903,11.22410011,9.661910057,9.910079956,10.62598991,7.309390068,11.98180008,8.90032959,9.431830406,9.884960175,9.111319542,10.32079983,7.059559822
7.434380054,5.962180138,9.663419724,8.399399757,13.27530003,13.17500019,7.801169872,13.6274004,8.879500389,9.51928997,11.01249981,8.660490036,10.52340031,6.943339825
7.532499949,5.532230059,11.32826646,8.888596535,13.28283342,12.38118347,8.602149963,13.22450002,11.23066648,11.31400013,7.813876629,10.44943333,12.74836667,6.743593375
6.175249894,6.001900037,8.521360238,7.390616576,11.47036648,11.50020838,6.722136497,12.03073311,9.467159907,9.26306661,10.15186342,9.641723315,10.74562677,6.72676007
8.528290431,5.740976652,8.197819869,7.950383345,7.921163241,8.563074986,7.169713338,11.36506685,10.61326663,11.35426648,7.516336441,9.859999975,12.26103306,6.574783484
9.154226621,5.213653406,9.500999769,9.852019946,11.67338022,11.16087516,9.076756795,13.06313356,10.52836672,11.43073336,11.81573359,9.862909953,12.38786666,6.198153337
6.59101661,5.84926335,10.4618597,9.472710292,12.97460016,13.04630009,7.607340018,13.69570001,10.35203362,9.50203673,11.91470019,11.34530004,12.71316687,6.546710014
7.942446709,5.719313304,8.862586657,7.462320169,8.655263583,9.244753202,6.919876575,11.88506667,10.17732334,11.16309992,8.105553468,9.747683207,12.6688331,7.092346668
8.082019806,5.783090115,5.745979786,8.723010063,7.238110065,7.143694878,8.520589828,8.961050034,12.59399986,12.10039997,12.29300022,10.42529964,12.7677002,6.732709885
8.298339844,5.705570221,5.170820236,7.686200142,6.067140102,6.397369862,7.426889896,7.473889828,11.53689957,11.55200005,11.42800045,10.26790047,12.26480007,6.354199886
7.889969826,5.306809902,9.574669838,9.992589951,11.20600033,11.24324989,9.008009911,13.0855999,10.05510044,12.04629993,12.55780029,9.801560402,12.83549976,6.426949978
8.84307003,5.547550201,9.394260406,10.14150047,10.67679977,11.37015009,8.357219696,13.20419979,10.60299969,11.54930019,12.28479958,9.642410278,12.56040001,6.408390045
7.833310127,5.37789011,10.70240021,10.65649986,12.36810017,12.20239973,8.880570412,13.28520012,10.06389999,11.64239979,12.21409988,9.264940262,12.76449966,6.437290192
7.646100044,5.718309879,5.660665035,6.66010499,5.771165133,6.243749976,6.467590094,7.704284906,9.543915272,11.35820007,10.98834991,10.42105007,11.19759989,6.637739897
7.30870986,5.837849855,5.639564991,6.599704981,5.683489799,6.245447516,6.444489956,7.483345032,9.618084908,11.46379995,10.74309969,10.57044983,11.37210035,6.433384895
7.247189999,5.622040033,5.691519976,6.530329943,5.657925129,5.973029852,6.317610025,7.543174982,9.260360241,11.41995001,10.72984982,10.39269972,11.32885027,6.472929955
7.320245028,5.886004925,5.702789783,6.943165064,5.240125179,6.170907497,6.289949894,7.581969976,10.01430035,11.15549994,10.56755018,9.128345013,11.62665033,6.596439838
7.235780001,5.970494986,5.41187501,7.058789968,5.488729954,5.959195018,6.230674982,7.568405151,10.19659996,11.07664967,10.33930016,9.338234901,11.81930017,6.370449781
7.304970026,5.922359943,5.774884939,6.647439957,5.502925158,6.007284999,6.125530005,7.639879942,9.897500038,11.15834999,10.70225,9.561699867,11.75025034,6.735805035
8.513694763,5.368559837,5.120059967,5.86468482,5.575394869,5.442482471,5.952605009,7.675085068,10.23950005,11.59609985,10.10685015,10.49545002,12.72169971,6.089940071
8.545704842,5.160165071,4.927974939,6.199155092,5.893569946,5.645034909,6.168249846,7.853909969,10.43944979,11.39179993,10.9774003,10.10136986,12.8125,6.039324999
8.588929653,5.256789923,5.030590057,5.997065067,5.544475079,5.532002568,6.28551507,7.833490133,10.57455015,11.40355015,10.60755014,10.39604998,12.76200008,6.126894951
7.981159925,5.347660065,5.136234999,7.677405119,6.060005188,5.739719987,6.60194993,8.594795227,10.01286459,11.07515001,10.4847002,10.6020503,12.97444963,6.361880064
7.880334854,5.448860168,5.540499926,7.673480034,6.244765043,5.622642398,6.896914959,8.43094492,9.932819843,11.03279972,10.45819998,10.7255497,12.96119976,6.437994957
8.204649925,5.283289909,5.297180176,7.788599968,5.864704847,5.683459997,6.732120037,8.814625263,9.960555077,11.16190004,10.4849,10.57944965,13.08484983,6.208034992
9.265930176,5.311074972,7.236464977,8.58471489,7.296919823,6.780442595,7.841414928,10.27569962,10.07434988,11.72364998,11.33144999,10.26984978,12.62370014,6.2355299
9.26047039,5.335794926,7.514290094,8.835704803,7.849599838,7.303112507,8.120554924,10.47940016,10.24644995,11.56410027,11.39144993,10.18514967,12.59625006,6.216660023
9.320980072,5.149539948,7.447355032,8.81297493,7.526870012,7.27421248,8.096099854,10.55770016,10.11065006,11.66375017,11.63339996,10.15534973,12.39349985,6.050829887
7.563955069,5.827850103,5.626835108,7.624504805,6.554840088,5.970592499,6.1589849,8.4855299,9.546760082,10.74130011,10.7256999,10.25720024,12.56814957,6.613290071
8.429405212,5.328840017,5.126960039,7.704085112,5.934334993,5.804370046,6.730974913,8.581419945,10.1312499,11.00445032,10.62695026,10.47100019,13.07189989,6.439669847
8.206110001,5.395679951,5.136759996,7.544934988,5.901854992,5.612169981,6.655849934,8.322224617,10.04775,11.09429979,10.50884962,10.79650021,12.68219995,6.410634995
8.12781318,5.813186646,5.369823297,7.172373295,5.897643407,5.741440058,6.082536538,8.401133219,9.960129738,10.62069988,9.784513474,10.05919997,12.67976665,6.373256683
8.309055328,5.789674997,5.567265034,7.045454979,6.131220102,5.93117249,6.164035082,8.40302515,9.822000027,10.69849968,9.754584789,10.10559988,12.58584976,6.528334856
8.601166725,5.743146578,5.581546625,7.378776709,6.086866538,5.87748162,6.422983329,9.100229899,9.948143323,11.23539988,9.88234361,9.271210035,12.94939995,6.56139342
8.405032396,5.96234262,5.665907502,7.287202597,5.768377542,6.023637474,6.289187431,8.575432301,9.658412457,11.13332486,10.31014514,9.421997547,12.64705014,6.547767639
7.709825039,5.698709965,5.39607501,7.071175098,5.787635088,5.758687496,6.039649963,8.232655048,9.828720093,10.47515011,9.901335239,10.27715015,12.49369955,6.457125187
7.937150002,6.004605055,5.345515013,6.823195219,5.795370102,5.802044988,6.076800108,8.334830284,9.762995243,10.59929991,9.966794968,10.04789972,12.42149973,6.49075985
8.514959812,5.64564991,5.494289875,7.487295151,6.013060093,6.124580145,6.389034986,9.307734966,10.39014959,11.32795,10.18576002,9.697255135,12.88910007,6.451790094
8.377826691,5.843159993,5.453429858,7.106573264,5.949396769,6.083213329,6.409613291,8.593806585,9.820480029,11.0480334,10.45933342,9.49222374,12.47623348,6.490226746
7.899005175,5.97083497,5.443569899,7.05953002,5.986190081,6.017720103,6.060674906,8.524915218,9.966919899,10.67644978,9.900189877,9.968164921,12.59824991,6.51946497
7.994540215,5.365974903,5.362259865,7.001995087,5.757585049,5.756837368,5.995204926,8.365035057,9.93713522,10.73054981,9.626935005,10.10029984,12.7951498,6.350475073
8.438169956,5.648484945,5.533564806,7.33307004,6.085654974,5.960732579,6.463409901,8.691064835,10.17449999,11.29874992,10.45230007,9.902494907,12.65754986,6.379019976
8.304740111,5.791213195,5.602386793,7.341793219,5.933116595,6.02638491,6.376036644,8.774020195,9.675013542,11.13526662,10.23924001,9.380686442,12.7098999,6.573459943
8.072733084,5.739253362,5.383616765,7.040233135,5.694739978,5.817518314,5.881376743,8.322803179,9.815940221,10.73396683,9.875459989,10.1308403,12.99743334,6.472059886
8.237540086,5.686149915,5.448296706,7.042393366,5.774649938,5.879655043,5.974969864,8.483776728,9.765553474,10.86883354,9.832973162,10.043787,12.92669996,6.496576627
8.331469854,5.748016675,5.503556728,7.317399979,6.260826747,6.145094951,6.354606628,8.892183304,9.936966578,11.38060029,10.36769676,9.781386375,13.09106668,6.50115331
8.15672493,5.750880003,5.589512467,7.276632428,5.979397535,5.975511312,6.618829846,8.746227741,9.550829887,11.17309976,10.83784986,9.784077168,12.91762471,6.525532484
9.714050293,5.675670147,9.658490181,10.45320034,10.53579998,10.49370003,8.880060196,12.71790028,10.52429962,11.5010004,11.11400032,9.674839973,12.11419964,6.17057991
9.833660126,5.740089893,11.53899956,11.28240013,12.64869976,12.61240005,9.721130371,13.55109978,10.75640011,11.47770023,11.21420002,9.435850143,12.21329975,6.378170013
9.828289986,5.811620235,11.82719994,11.30280018,13.31519985,12.33984995,10.09780025,13.55819988,10.40799999,11.01319981,11.01500034,9.32929039,12.16759968,5.984499931
9.736860275,5.526770115,12.35400009,11.9531002,13.85490036,13.15875006,11.19169998,13.86260033,10.9520998,11.60289955,11.38389969,9.339050293,12.64280033,6.207429886
8.264160156,6.009500027,12.2201004,11.13360023,13.14210033,13.33725023,8.480870247,13.76799965,10.24849987,10.85050011,12.4520998,10.37040043,11.22550011,6.619780064
6.860060215,5.711349964,11.15929985,10.03470039,11.50879955,12.40969992,7.044270039,12.94869995,9.409150124,10.24199963,12.10470009,10.68350029,10.83920002,6.632810116
9.07174015,5.437819958,6.30185008,7.721795082,5.952950001,5.769542575,6.421355009,9.05883503,10.00994968,11.57644987,9.828114986,9.411664963,12.52619982,6.392339945
8.721520424,5.425189972,6.697579861,7.302770138,6.035399914,6.299875021,6.430759907,10.00839996,9.980950356,11.67800045,9.912190437,9.621279716,12.73680019,6.320419788
7.425310135,5.69040513,9.744070053,8.61103487,9.868564844,11.73177505,7.539269924,12.80750036,9.88999033,11.19179964,12.32570028,10.01744032,12.58395004,6.873635054
9.392560005,5.314939976,4.983510017,6.567349911,5.568309784,5.807245016,6.415820122,7.930840015,10.00249958,11.72970009,10.80700016,10.04570007,12.48429966,6.164800167
9.09539032,5.701210022,6.91189003,7.639200211,6.568809986,6.751650095,6.764629841,10.81229973,10.03349972,11.62660027,10.43570042,9.264289856,12.41320038,6.353390217
7.061089993,5.658639908,12.01169968,9.895070076,12.78250027,13.40285015,7.998680115,13.81540012,9.855640411,10.6882,12.01280022,9.710379601,12.17000008,6.936339855
8.894980431,5.48732996,5.480400085,7.216609955,5.892320156,5.618055105,6.232629776,8.653059959,9.799630165,11.46000004,9.647390366,9.553039551,12.28829956,6.623829842
9.863949776,5.482490063,9.693949699,8.102250099,8.79831028,9.620914936,6.965300083,13.23499966,10.37170029,11.67420006,10.88490009,9.372309685,12.61250019,6.430830002
7.576950073,5.344659805,12.82199955,10.74769974,13.28540039,13.4067502,9.045949936,14.04889965,10.26659966,10.93970013,12.22189999,9.820110321,12.36769962,6.505040169
8.806240082,5.593120098,5.849159956,7.451689959,6.168405056,6.277295113,6.717245102,8.685645103,9.81235981,11.97004986,10.48389959,9.766405106,12.45609999,6.32329011
8.065520287,5.700019836,5.879360199,7.62361002,6.3615098,5.887245178,6.381519794,7.961239815,9.810420036,11.54189968,10.45950031,9.913240433,12.07050037,6.598730087
7.874524832,5.833039999,10.17582989,9.248494625,11.31794977,11.63137507,8.173004866,12.75344992,9.642690182,11.35135031,12.09345007,9.89915514,11.8354001,6.646790028
8.857660294,5.568840027,5.640979767,7.040339947,6.350969791,7.066055059,6.331739902,8.727290154,9.978509903,11.95409966,8.391079903,10.48919964,13.02439976,6.194590092
8.090399742,5.316460133,5.361700058,7.029240131,5.805220127,6.35656023,6.06303978,8.09183979,9.73859024,11.19169998,8.473110199,10.08720016,12.36100006,6.795790195
8.677689552,5.791150093,9.450180054,9.622719765,8.614370346,11.0175004,9.052229881,12.66870022,11.18610001,12.03989983,11.7276001,10.64970016,13.50389957,7.110819817
9.542070389,5.662350178,7.171269894,9.185930252,6.823790073,7.996595144,8.041399956,10.47579956,11.05799961,12.11559963,12.48939991,11.07960033,13.75090027,7.464320183
7.242549896,6.205150127,6.286930084,7.983359814,6.517670155,6.956614971,6.661270142,8.733750343,9.190999985,10.93550014,12.45880032,11.08889961,12.44229984,7.072030067
8.72385025,5.466060162,6.184309959,7.464809895,5.981379986,7.018140078,6.38214016,8.716509819,10.01819992,11.81470013,11.42539978,11.2112999,11.79129982,7.141630173
8.041480064,5.583930016,6.984210014,9.06319046,6.77436018,7.006680012,6.970640182,9.184909821,10.34230042,12.15550041,11.30370045,9.34552002,12.12590027,6.738349915
8.865880013,5.900229931,6.70386982,8.977519989,5.986310005,6.803060055,7.233640194,8.471590042,10.23340034,11.75800037,11.44480038,10.05280018,12.68859959,6.790239811
6.859519958,5.830800056,10.42029953,8.629659653,9.750780106,10.93965006,7.392680168,11.70330048,8.843190193,9.912799835,12.01939964,9.62349987,11.51790047,6.807149887
7.117660046,6.167490005,7.755899906,8.184639931,7.44520998,8.809844971,6.332119942,10.17280006,8.832859993,10.56970024,11.03110027,9.432470322,12.03629971,7.176050186
7.322763284,5.138246536,7.582660039,7.844016711,8.448799769,11.25028324,7.494896571,12.1845665,9.74347655,10.29260349,11.21313318,8.956706683,9.273379962,6.150276661
6.511710167,5.554036617,7.759180069,7.67941316,10.69492372,12.98898331,7.325186729,13.39913368,9.339296659,9.536853155,11.20566686,9.159583092,9.318730036,6.261856715
6.981873353,5.227180004,5.794266701,6.674763362,6.758279959,6.528313398,6.765990098,6.992726803,9.991093318,10.37729009,5.410976728,8.982610067,9.647753398,6.124183337
6.67094326,5.832573414,6.124973456,7.022753398,6.58761994,6.745286544,6.982943376,7.40786012,9.194350243,9.577319781,4.907996655,8.519423167,9.260673205,6.526299953
7.653610071,4.767909845,6.697396596,7.820503235,7.997473399,8.997365157,7.263116519,10.40546322,9.717133522,11.45679983,11.34943358,9.861573537,11.73406665,6.915256818
7.936406612,5.0143466,9.569799741,9.435090065,11.82213338,12.30594985,8.788869858,12.5880003,9.678309759,11.59969997,11.16486645,9.977456729,11.22393322,7.249070009
7.342610041,5.222786744,8.582876841,8.865339915,10.32676665,10.66451677,8.115670045,11.80086676,9.951693217,11.71586672,12.03243351,9.847390175,11.1898667,7.315843423
6.581209977,4.819536686,10.59729989,9.131090164,12.88079993,12.4887503,8.459883372,12.61803341,10.09667333,11.43086688,11.20566654,10.40136687,10.73639997,7.313743273
5.53077666,5.611790021,7.196119944,7.776363373,10.3895998,10.57271687,6.353790124,10.8627669,9.369393349,9.099873225,11.20723343,10.32610003,11.84543324,7.028456529
8.887099902,5.350736618,9.334626516,9.692903201,10.21778965,11.09785016,7.908469995,13.31746674,9.646643321,10.63679981,11.47006639,10.46213341,12.72576682,6.468193213
7.535070101,5.998359998,10.14505323,7.523123264,12.4861997,12.42948341,6.610816638,10.62016646,9.36386013,8.480533282,9.903316816,12.01996676,12.24200026,8.362543424
7.384263357,6.286223412,8.604749997,7.223266761,10.93103313,11.01923323,6.768760045,8.824936549,8.910470009,8.339143117,8.487410227,10.86246681,11.26839987,7.441170057
7.135895014,5.334080219,6.353905201,7.139325142,6.980249882,6.002007604,7.068875074,9.081510067,9.474235058,11.65530014,9.194449902,9.937514782,12.76905012,6.372189999
6.726655006,5.832974911,7.527080059,7.352450132,7.66961503,6.288514972,7.37789011,10.73180008,8.985424995,11.68010044,8.746990204,9.721415043,12.24415016,6.430784941
7.25233984,5.533139944,10.42135,7.53758502,8.719624996,7.013077497,7.684415102,13.27394962,9.059824944,11.66604996,8.528620243,9.340509892,12.45245028,6.466515064
7.868674994,5.732409954,10.96334982,7.605270147,10.14737988,9.297872305,7.77402997,13.39750004,9.27489996,12.12479973,9.092589855,8.682730198,13.09955025,6.648134947
6.947515011,6.454535007,7.852885246,6.98319006,6.76060009,7.756934881,7.030905008,10.4398303,9.420850277,10.16885996,9.444960117,7.991465092,12.90794992,7.029855013
7.289324999,6.306459904,7.544105053,7.146939993,6.915055037,7.45948267,6.634540081,10.08015013,9.405035019,10.38958502,9.614250183,8.427370071,12.85610008,6.913904905
7.222809792,6.353419781,6.60722518,7.015495062,6.660895109,7.121877551,7.032449961,8.296679974,9.268574715,9.824424744,9.553110123,8.216279984,12.08624983,7.088055134
6.88774991,6.730649948,6.056425095,7.005084991,6.567085028,7.040977478,6.678144932,7.90588522,9.210985184,8.542000294,11.11940002,7.947375059,10.52819967,7.270420074
7.626754999,5.937494993,7.815444946,7.755594969,8.947340012,9.425062418,7.411365032,10.25481987,9.117245197,10.15849543,10.246665,9.44904995,11.11015511,6.234460115
7.504130125,5.536264896,8.237420321,7.685670137,9.263279915,9.811097503,6.595510006,12.04890013,9.847074986,10.8592,11.32280016,10.00438023,12.38665009,6.711630106
6.987703164,5.177763303,8.182840347,8.28785642,9.137779713,9.915631612,6.384579976,11.21679338,9.636126518,9.965839704,11.82403374,11.1802899,11.97733339,6.065536658
9.389979839,5.643365145,9.993945122,10.34070015,12.11170006,11.42657518,9.401925087,13.39779997,10.71289968,11.7343502,12.31785011,10.015975,12.56384993,6.47597003
6.108980179,5.724009991,10.88869953,9.366689682,12.94659996,12.68760014,7.01598978,13.59189987,10.09920025,9.445170403,12.08399963,11.0078001,12.17759991,6.331950188
6.635666847,6.085606575,8.629459858,8.042746862,11.14307324,10.3049984,6.721256733,11.69026025,9.942663352,10.00864331,10.64126364,10.05967999,10.90065002,6.329296748
7.166299979,5.095193227,9.812913259,9.38737313,11.79478661,11.98594332,7.843650023,12.73449993,10.31030321,10.43852965,11.62523333,9.903676669,12.15486685,6.184543451
5.436963399,5.34095335,7.647263527,7.096663316,9.797469775,8.948659897,6.417806784,11.29196644,8.02011013,9.078596751,8.503136635,8.81327343,9.170966466,5.591186682
