11.29290009,12.59766674,7.911443392,11.65920003,10.39443334,9.468986829,10.79500039,9.36480999,10.32423337
11.5413332,10.76153342,8.233193398,12.05119991,10.56266658,9.537220001,10.73029995,9.436980247,10.39289983
12.69726658,10.1129001,7.701950073,11.36673323,10.40956656,9.453509967,10.70236683,9.418476741,10.36556657
11.43299993,10.66560014,8.187923114,11.81286685,10.47160021,9.466646512,10.69843324,9.38888677,10.35280005
11.35673332,10.55760002,8.124239922,11.81366666,10.46883329,9.630963008,10.59416676,9.417306264,10.38339996
11.21356646,10.79353333,8.302743276,11.51543331,10.50063324,9.978720029,10.77183342,9.525146484,10.98230012
11.2037665,10.43543339,7.99428002,13.21179994,10.50956662,9.534426689,10.53630034,9.376609802,10.45386664
11.65096664,11.39243317,9.680646578,12.26263332,10.66576672,9.413536708,10.80086676,9.48860995,10.72316647
11.2488664,10.74940014,8.135230064,11.85073312,10.43113295,9.441226323,10.63063304,9.329973221,10.42929967
11.25136662,10.57130019,8.091190338,11.78543345,10.50269985,9.626673063,10.52156639,9.380390167,10.33176645
11.13186677,10.52929974,13.1564668,11.5394001,10.49046707,9.655203183,10.50270017,9.38018322,10.47593339
11.31396675,10.68163363,8.112649918,11.68226687,10.40806675,9.519200007,10.6589667,9.322550138,10.43733342
11.78636678,11.28503323,9.032896678,12.59706656,10.60643323,10.06035678,10.7846667,9.431896845,10.22796694
11.87923336,11.28006649,9.165363312,12.59663296,10.63190015,10.17543348,10.96880023,9.464986801,10.53853321
11.81049983,11.27746646,8.74657313,12.64000003,10.72010008,10.10464319,10.92046674,9.60284996,10.10254669
10.2553002,9.50605011,7.320519924,10.82120005,10.27326679,9.391543388,10.87476667,9.330200195,10.4593331
11.71929995,11.04866664,9.052446683,12.59979979,10.8064003,9.946606636,10.6627334,9.665123304,10.24429989
11.71243318,10.94566663,8.668473244,12.68503348,10.61056678,9.820000013,10.73733298,9.642826716,10.20340029
11.70260016,11.04306666,8.699520111,12.54266675,10.58103339,9.766359965,10.70580006,9.626413345,10.04478327
11.78009987,11.18600019,8.87708346,12.51553345,10.61113326,9.795049985,10.77510007,9.575730006,10.02518018
11.69753329,11.28459994,8.821576754,12.62383334,10.67666658,9.84823672,10.62670008,9.652076721,10.07281653
11.7615331,11.23083305,9.050463359,12.62440014,10.6876332,9.895373344,10.75993347,9.664523125,10.14153353
11.82676665,11.4319334,9.041000048,12.63449987,10.73499997,10.14583651,10.68353335,9.709680239,10.03298346
11.77643331,11.31856664,8.939680099,12.22953351,10.64786657,9.870380084,10.61569977,9.613699913,10.1600666
11.87273312,11.24980005,9.078799884,12.51206684,10.79139964,9.925110181,10.63453356,9.768239975,10.10234642
11.76463318,11.42523352,8.990886688,12.60866674,10.66726685,9.93697993,10.79730034,9.674056689,9.953463554
11.77365017,11.41345024,9.35574007,12.5802002,10.76154995,10.09032965,10.99000025,9.809104919,10.3970499
11.77216657,11.16343307,8.851836522,12.66303317,10.73030027,9.955736478,10.70586681,9.706610044,10.1297334
11.67233308,11.13683351,8.874093374,12.62049993,10.70090008,9.873953501,10.7355334,9.682416598,10.10916646
11.65466658,11.24853325,8.571846644,12.66466681,10.69703325,9.704620043,10.61703332,9.568796476,10.15170002
11.63309987,11.19369984,8.809573174,12.64533297,10.57676665,9.863946597,10.68039989,9.689873377,10.25086657
11.61229992,11.13040034,8.831029574,12.59106668,10.57343324,9.818213463,10.70680014,9.613149961,10.08990002
11.6431001,11.30356661,9.074559848,12.53496679,10.57583332,9.787569682,10.68796666,9.493460019,10.21346633
11.78863303,11.16626676,9.324053446,12.56816673,10.60883331,9.869720141,10.68256664,9.697476705,10.27203337
11.74006653,11.43650023,9.195203463,12.45296669,10.55473328,9.923876762,10.75976658,9.54697005,10.32053343
11.73403327,11.36406676,9.288736661,12.62300014,10.59686693,9.891913414,10.79836686,9.595970154,10.13000011
11.70406659,11.40166696,9.271750132,12.53590012,10.64820004,9.920069695,10.72739983,9.666020075,10.42826684
11.74269994,11.42980003,9.114303271,12.43549983,10.63269997,10.03081004,10.95376682,9.695556641,10.44193331
11.74415016,11.43104982,9.337555408,12.29800034,10.73624992,10.09649992,10.80644989,9.743619919,10.50139999
11.80453332,11.14129988,9.027649879,12.60579999,10.82273356,10.03388659,10.80140018,9.847443263,10.23016644
11.65900008,11.25450007,8.942249934,12.56289991,10.68946679,9.777863185,10.63666662,9.656633377,10.14623324
11.66560014,11.24356651,8.722383181,12.6370999,10.61240005,9.805916786,10.51313337,9.512336731,10.14349969
11.60406685,11.20569992,8.836979866,12.36746661,10.49993356,9.795399984,10.56519985,9.456870079,10.01797326
11.60890007,11.25829983,8.631846746,12.63176696,10.50746663,9.792056402,10.70190016,9.581003189,10.04677995
11.62440014,11.28336652,8.876023293,12.39509996,10.61016655,9.794656754,10.47546673,9.49379317,10.22726313
11.62029998,11.2584664,9.026150068,12.54113324,10.68486659,9.999650002,10.79669984,9.704776446,10.24620024
11.7239666,11.36269983,9.151183446,12.62729994,10.60450013,9.902793248,10.87343343,9.574643135,10.34403356
11.68673325,11.9216334,10.65336672,12.91160011,10.85646661,9.777573586,10.96053314,9.694526672,10.66206678
11.7469333,11.42026647,9.240200043,12.61389987,10.75106684,10.0365537,10.85696665,9.732429822,10.36690013
11.66579962,11.51989985,9.215479851,12.64459991,10.64685011,9.893610001,10.95114994,9.813974857,10.57149982
11.88123322,11.39246686,8.93102328,12.5825332,10.71236642,9.946633339,10.93019994,9.710799853,10.38803323
11.6594003,11.1679999,8.561036746,12.6522665,10.76206652,9.882310232,10.66790009,9.64405632,10.12183348
11.72599983,11.31950029,8.824053446,12.53470008,10.62093321,9.891296705,10.66899999,9.570466677,10.36123339
11.80683327,11.38433329,8.933256467,12.54263337,10.61906687,10.02496338,10.73750019,9.676516533,10.02342351
11.69396655,11.47946644,9.048379898,12.59306685,10.53379981,9.881590207,10.86373329,9.614816666,10.43036683
11.70346673,11.39430014,8.931043307,12.47186661,10.55159982,9.883523623,10.75289981,9.594713211,10.62246672
11.67073345,11.44169998,8.890596708,12.5241003,10.63720004,9.869836489,10.71579997,9.585686684,10.29236666
9.749420166,8.350209713,7.721780062,9.723185062,10.07682514,8.644040108,10.15724993,8.304800034,9.041429996
11.33710003,9.812504768,7.784950018,11.74379969,10.11654997,8.781630039,10.34835005,8.490679741,9.222595215
11.91514969,10.08585024,7.871334791,12.17490005,10.28880024,9.067550182,10.06008005,8.693515301,9.362565041
11.99214983,10.94885015,8.872560024,12.69294977,10.59985018,9.799994946,10.54439974,9.307730198,10.81255007
9.839694977,8.413370132,7.208304882,7.050740004,10.56955004,9.2520504,11.13864994,9.796420097,10.46515036
9.135950089,8.396965027,7.090295076,7.698329926,10.57425022,9.624975204,10.89125013,10.19035006,11.14014959
9.217309952,8.525664806,6.958350182,7.539094925,10.73969984,9.377084732,11.01705027,10.30394983,11.06110001
11.17735004,12.14734983,9.07041502,13.05649996,10.67159986,9.029009819,10.89260006,9.765690327,9.953690052
10.91750002,9.807439804,7.817004919,11.34840012,10.45039988,9.454545021,10.48355007,9.07965517,10.37074995
9.933720112,8.655785084,7.305284977,10.28189993,10.24309969,9.297595024,10.61374998,8.924564838,10.30665016
10.13020007,9.367566427,7.346923351,10.34483337,10.38453356,9.409570058,10.51166662,9.572769801,10.45983315
10.97979991,11.62710031,8.10515674,13.55443319,11.23563321,11.19656658,10.36436653,10.18740336,12.13869985
11.14699999,12.44263331,9.024620056,13.74899991,11.68540033,10.38939985,10.28529994,9.56547006,11.59656652
9.638140043,9.391090075,7.323079904,10.1493667,10.27096653,9.257243156,11.3882335,9.153253237,9.63858668
11.33640003,12.63976669,9.180246353,13.67843342,11.53660011,10.15672684,9.930809975,9.474276543,11.04349995
11.3475666,12.67253367,9.203139941,13.59936682,11.38456662,10.05841319,9.716197014,9.302766482,10.97360007
11.27269967,12.67336655,9.381070137,13.67753315,11.22450002,9.911706607,9.75557677,9.399559975,10.85156695
9.572146416,8.874813398,7.129656633,10.03408655,10.44263363,9.039703369,11.76043351,9.346316655,9.586996714
9.896869659,8.839619637,7.088960171,10.46450043,10.1008997,9.235250473,9.742910385,9.40089035,10.0241003
10.00940037,9.050689697,7.290540218,10.49860001,9.926159859,9.104960442,9.519720078,9.162969589,9.822270393
9.830459595,8.792960167,7.182099819,10.11660004,9.778260231,9.159330368,9.234410286,9.050600052,9.325200081
9.741189957,9.311479568,7.292970181,10.03380013,9.920499802,8.866160393,9.309390068,9.103429794,9.291399956
9.553090096,8.959269524,7.338399887,10.03610039,10.26869965,8.913929939,9.618909836,9.30477047,9.542349815
9.825860023,8.80591011,7.193230152,10.22729969,10.18410015,9.476449966,9.415260315,9.324199677,10.27709961
11.47430038,12.55809975,9.881360054,13.30430031,10.43970013,8.979829788,9.295260429,9.204360008,9.821680069
10.98900032,11.66919994,9.170700073,12.99680042,11.02999973,9.44040966,9.193659782,9.468959808,10.30239964
11.06410027,11.62759972,9.389960289,13.15909958,10.94740009,9.589699745,9.021980286,9.633580208,10.46479988
10.88319969,11.95429993,9.663809776,13.05150032,10.78730011,9.704119682,9.275870323,9.684599876,10.53409958
9.152595043,8.028614998,6.765120029,9.978769779,10.05459976,9.544680119,10.30989981,9.866710186,10.39050007
9.127225399,7.90416503,6.861525059,9.87210989,10.04570007,9.698315144,10.47129965,9.811665058,10.66599989
9.174910069,7.751840115,6.840199947,9.879519939,10.12744999,9.739439964,10.19969988,9.934410095,10.4932003
9.254970074,8.061470032,6.902745008,9.951045036,10.08484983,9.563489914,10.53480005,9.958600044,10.41485023
8.899490356,7.758319855,7.107699871,10.09430027,10.16069984,9.498279572,10.54319954,9.819319725,10.24800014
9.156605244,8.194079876,6.749639988,9.966265202,10.14880037,9.688010216,10.32775021,9.869985104,10.39394999
8.948534966,7.843710184,6.769334793,10.14224958,10.12284994,9.661334991,10.48775005,10.08015013,10.78254986
8.356410027,7.826099873,6.865360022,10.41519976,10.06349993,9.795820236,10.54400015,10.2177,11.07934999
8.128544807,7.870995283,7.011704922,10.40790033,10.04080009,9.783985138,10.63760042,10.21430016,11.36129999
8.15375042,7.740530014,6.901050091,10.27009964,9.976630211,9.977640152,10.6480999,10.44449997,11.39890003
9.559980392,8.928179741,7.021190166,10.20230007,9.828539848,9.536990166,10.39420033,9.147680283,10.16829967
9.670999527,8.75590992,6.846940041,10.30389977,9.879790306,9.265390396,10.57059956,8.997989655,10.11369991
9.585450172,8.717969894,7.346950054,10.27219963,9.767680168,8.888059616,10.62839985,9.079799652,9.924449921
9.81842041,8.822859764,7.383359909,10.42129993,9.588129997,8.693829536,10.97570038,9.232299805,9.18171978
9.756939888,8.980750084,7.09815979,10.30140018,9.930159569,8.980319977,10.66009998,9.141180038,9.583660126
11.53530025,11.84490013,8.610730171,12.88589954,10.14700031,8.725810051,10.49880028,9.465350151,9.682720184
11.07380009,12.4854002,10.51379967,13.26000023,10.09259987,8.68253994,10.59850025,9.481479645,9.788100243
10.93260002,12.52420044,10.91429996,13.4527998,10.28030014,8.880430222,10.33920002,9.545289993,9.98266983
9.044459979,9.029569944,7.364543438,10.11380005,9.96369648,8.857683182,11.94989999,9.176833471,9.919226646
9.079093297,9.52927653,7.36416324,10.10909017,9.833896955,8.874526978,11.66056665,8.923470179,9.852659861
9.269893328,9.430370013,7.304243406,10.10776997,9.884723028,8.889843305,11.92126687,9.000250181,9.887420019
9.240929921,9.391710281,7.219209989,10.22966671,9.971210162,8.818530083,11.83329995,8.993203163,9.731366793
9.201566696,9.273716927,7.226386706,10.06176662,9.950333277,8.792626699,12.23376656,9.149603208,9.79731973
9.117280006,9.355236689,7.342546622,10.08193334,9.873366674,8.905140241,11.6905667,9.002683322,9.900116603
9.386536598,9.716139793,7.469969908,10.06306362,9.889866829,8.90040652,11.52576701,8.947596868,9.921756426
9.484636625,9.862189929,7.474696636,10.39389992,9.851936658,8.946843465,11.24800014,8.832296689,9.863106728
8.985896746,9.263189952,7.414033254,10.17486699,9.643703143,8.700656573,12.04943339,8.943340302,9.807299932
8.986913045,8.900279999,7.643873215,10.31386662,9.847416878,8.569739978,12.55276648,9.170453389,9.935262998
8.970452944,9.266266823,7.605306625,10.23483308,9.806913058,8.749286652,12.09899998,9.07765007,9.814499855
9.423373222,9.821603457,7.254453341,10.33486684,9.769716581,8.820956866,11.34196663,8.848593394,9.847659747
9.352606455,9.467789968,7.356066704,10.31210009,9.770123164,8.869449933,11.30096658,8.938546499,9.81615003
9.364444971,9.692134857,7.44085753,10.35494995,9.758662224,8.748437166,11.21630001,8.90622735,9.800629854
9.410518265,10.24574585,7.362182045,10.3968401,9.719555855,8.822843933,11.39942017,8.8645998,9.592410088
9.531849861,9.116660118,7.501205206,10.09360027,10.03855038,8.192084789,12.64779997,8.935404778,9.658899784
9.700894833,9.695295334,7.418914795,10.45644999,9.909040451,8.498179913,11.88749981,8.888195038,9.688650131
9.357244968,8.965044975,7.35646987,10.12269974,9.968260288,8.159930229,12.43025017,8.842245102,9.651724815
9.276329994,10.45926666,7.317890008,10.41536649,9.72240003,8.754460017,11.52896659,8.812766711,9.251163165
9.569554806,9.885050297,7.295855045,10.29029989,9.98879528,8.2697649,12.84470034,8.78461504,9.342579842
8.988010406,8.837104797,7.144745111,9.769299984,10.08384991,8.302390099,12.70284986,8.885365009,8.868834972
9.903924942,8.737774849,7.622105122,9.314309597,10.06120491,8.985549927,12.19084978,9.226640224,10.12836504
9.880529881,8.27892971,7.091930151,9.237414837,9.580914974,8.549685001,12.37424994,9.124374866,10.23915005
9.791810036,8.982159615,7.6521101,10.91359997,9.815899849,10.6218996,12.81480026,10.50549984,12.49530029
8.986635208,10.43325043,7.262910128,10.10590029,9.958140373,8.763929844,11.34695005,8.674349785,9.268689632
10.8451004,13.28120041,9.39260006,12.82330036,10.31540012,8.808529854,11.56760025,8.964900017,9.256699562
10.86320019,13.30679989,9.308859825,12.78849983,10.14389992,8.56540966,11.46269989,8.989170074,9.287619591
9.246726354,10.71253332,7.527669907,10.95293363,9.463779767,8.422626813,12.35259978,8.874010086,9.490780195
9.573800087,10.84179974,7.540679932,10.55720043,9.920889854,8.813429832,11.12549973,8.902299881,9.633130074
9.331529935,10.91986656,7.490693251,10.58179983,10.13013331,8.94456323,11.4435997,9.040536563,9.589646657
9.445690155,9.17648983,7.575479984,9.586834908,10.41125011,8.468744755,12.49564981,8.987355232,9.454745293
9.667160034,9.087140083,7.537479877,9.459329605,9.919230461,8.828149796,12.01439953,8.798370361,9.93585968
8.966306686,11.42240016,7.289989789,10.61326631,10.08336004,8.577116648,11.75783348,8.852650007,8.995130221
9.115880013,10.92310047,7.686920166,10.53859997,9.855230331,8.802960396,11.13939953,8.985719681,9.500659943
9.922620296,7.625320196,6.83288002,9.829810143,9.891664982,8.802484989,9.085245132,8.806930065,9.852000237
9.817214966,9.031125069,7.532114983,10.05805492,9.571555138,8.604215145,9.857759953,8.680465221,9.231679916
10.09800005,8.569930077,7.047509909,10.45984983,10.07925034,8.910395145,9.283864975,9.031644821,9.263289928
9.912334919,8.536359787,7.455960035,10.14097023,9.549205303,8.821074963,10.16379499,9.144199848,7.887120008
10.18179989,8.756754875,7.440205097,10.77609968,9.647745132,8.82207489,9.582489967,9.605415344,9.840875149
10.37790012,9.000804901,8.03516984,10.54879999,10.41629982,8.528759956,10.12598515,9.349380016,8.235085011
9.824110031,8.365245342,7.673480034,10.41305017,9.889464855,8.763154984,9.325020313,9.020195007,9.689195156
10.38030005,9.042544842,7.824670076,10.7524004,10.00320005,8.736450195,9.699319839,9.5385499,8.982740402
9.4792099,9.686860085,7.447854996,10.34544992,9.735709667,8.686039925,11.4621501,8.8478899,9.495540142
9.786583265,10.19715691,8.229236603,11.31189982,9.665829976,8.897553444,11.04436652,8.766543706,9.224280039
9.364536603,9.695000013,7.782540003,10.99926662,9.801253319,8.646530151,11.58203348,8.74932003,9.383889834
9.437236468,10.13203684,7.33114322,10.41079998,10.09249973,8.984320005,11.03049978,8.913420041,9.417303403
9.173323313,10.38486004,7.524973234,10.4030002,10.1612765,8.968283335,11.47963333,9.040449778,9.290953318
9.38683486,10.05858016,7.52867496,10.60330009,9.813197613,8.848267555,12.16922522,8.955372572,9.468537569
8.399766604,7.794296583,7.71017011,8.84152317,9.817370097,7.913929939,10.74809996,8.44930013,9.511819839
8.647257996,9.015608025,8.165624046,10.04525795,9.487508011,9.00179615,11.18886013,9.378883934,10.02674999
8.255153338,7.895916462,7.912516435,8.542033195,10.05033334,8.222166697,10.52303314,8.422423363,9.727233251
8.069086711,7.839593252,7.798373381,8.721289953,10.13099988,8.144333204,11.83313338,8.890493075,10.07354991
9.117470105,10.01161989,8.80569013,10.64746666,9.580353419,8.766173363,11.226367,9.624950091,9.905020078
8.51802667,8.159843445,7.464633306,8.452299754,10.012743,8.088646571,10.58226681,8.187499682,8.888329824
8.059413433,8.036816915,7.740633329,9.018419902,10.06971677,8.27801005,12.31836669,9.294659932,10.43760014
8.049933434,7.877223333,7.787603219,8.659523328,10.16509978,8.174176534,11.85533333,9.216316541,10.11663977
8.543360074,8.843063354,7.80543677,9.763149897,10.11050002,7.840990067,10.51986663,8.732366562,8.922609647
8.294519742,7.839226882,8.145246665,8.276236852,10.27950001,7.939813296,9.999193192,8.468296687,9.091499964
9.85607481,8.687550068,7.223350048,10.38954973,9.743289948,9.077929974,11.89870024,9.43392992,10.45534992
9.680819988,9.020859718,7.080835104,10.22209978,9.773119926,8.986384869,11.37004995,9.147904873,10.14559984
9.161530018,9.502310276,7.292524815,10.55744982,9.835035324,8.703614712,10.98934984,9.088274956,9.338580132
9.117750168,8.604694843,7.776205063,9.866699696,10.03177023,8.275720119,11.68130016,9.751879692,9.447444916
10.16280031,9.372920036,7.085685015,10.47170019,10.02959013,9.160660267,10.84360027,9.294885159,10.24810028
9.025729656,9.431974888,7.229655027,10.28480005,9.914439678,8.71508503,10.54365015,8.976875305,9.816020012
9.095305443,8.891260147,7.646889925,9.608649731,9.633335114,8.465330124,12.17740011,9.596759796,9.712339878
10.01220036,9.420220375,7.036759853,10.35919952,10.59220028,9.838890076,9.41174984,9.110070229,10.68080044
9.923049927,9.5980196,7.388010025,10.34549999,10.44900036,9.778209686,9.420399666,9.131520271,10.72770023
10.15159988,9.49835968,7.201789856,10.43620014,10.44620037,9.890629768,9.58578968,9.175209999,10.46809959
9.471910477,8.922800064,7.202219963,10.38399982,10.14050007,9.811909676,9.633999825,8.990240097,10.48560047
9.981829643,9.632040024,7.468820095,10.53390026,10.27499962,9.687529564,9.333459854,9.220399857,10.24839973
9.673489571,9.231169701,6.740839958,10.37860012,10.04780006,9.057579994,10.0472002,9.172829628,10.18780041
9.540200233,9.374759674,7.197329998,10.18099976,9.983530045,9.069560051,10.81099987,9.194210052,9.828120232
9.275010109,8.969759941,7.390250206,10.31799984,9.614439964,8.387040138,11.44050026,9.234809875,10.0472002
9.158040047,8.796429634,7.437890053,9.995920181,9.572540283,8.733819962,10.64420033,9.534489632,9.620550156
10.16670036,9.373330116,7.064280033,10.46380043,10.54440022,9.841119766,9.406900406,9.195839882,10.55420017
9.891750336,9.399160385,7.262219906,10.50290012,10.3185997,9.715140343,9.479669571,9.33493042,10.7791996
10.1182003,9.436690331,7.245679855,10.55690002,10.35400009,9.693929672,9.155269623,9.361240387,10.83530045
9.777150154,9.616729736,7.278779984,10.60219955,9.990320206,9.343050003,9.880579948,9.068149567,10.68739986
9.538200378,9.493840218,7.232190132,10.22980022,10.0468998,9.225939751,10.63630009,9.193300247,9.897589684
9.156270027,8.938639641,7.429820061,10.08250046,9.792300224,8.378290176,11.49810028,9.173430443,10.01189995
9.296330452,9.089659691,7.244110107,10.40769958,9.826160431,8.581529617,11.47500038,9.360300064,9.762140274
9.322179794,8.878680229,7.410719872,10.35990047,9.634579659,8.486740112,11.54640007,9.427229881,10.14570045
9.508449554,9.023500443,7.691569805,10.8149004,9.583129883,8.802410126,11.3465004,10.45960045,10.44040012
9.670853806,9.090155983,7.25333004,10.31889992,9.929326057,9.324986076,10.19381981,9.072532082,10.4721199
9.61583786,8.908064079,7.450328064,10.04166012,10.02853622,9.628052139,10.37841988,9.137132263,10.36152
9.908846092,9.598455811,7.360474014,10.55966015,10.37863998,9.430346107,10.55656013,9.37709198,10.12713814
9.390370369,8.514240265,6.841450214,10.16749954,10.23900032,9.768899918,10.39570045,9.549759865,10.8132
9.135439873,8.362970352,6.928390026,10.53390026,10.3888998,9.493220329,10.78100014,10.15929985,11.42020035
8.58137989,8.254570007,7.096960068,10.33290005,10.18029976,9.608059883,10.59539986,10.37520027,11.34799957
8.788780212,8.383740425,7.199920177,10.37370014,9.840550423,9.785140038,10.95600033,10.29069996,11.40579987
9.137140274,8.249890327,6.808139801,10.07240009,10.13129997,9.825690269,10.52630043,10.00440025,11.11839962
8.964960098,8.031279564,6.772799969,9.861430168,10.23270035,9.682720184,10.62380028,10.2421999,10.93729973
9.216500282,8.102910042,6.822609901,10.03409958,10.24199963,9.782279968,10.33510017,10.12510014,10.8526001
8.933899879,7.944019794,6.982029915,9.743390083,10.18249989,9.955010414,10.70429993,10.15699959,11.07929993
9.079030037,8.257840157,6.700369835,9.988089561,10.16419983,9.67661953,10.56579971,9.963120461,10.83090019
9.222740173,8.247480392,6.919169903,10.26229954,10.30580044,9.655139923,10.96080017,10.06130028,10.74720001
9.048319817,8.239890099,6.904119968,10.23250008,10.00230026,9.382019997,10.90799999,10.37989998,10.70499992
8.839570045,8.181240082,7.050270081,10.15100002,9.939579964,9.14136982,11.00109959,10.43939972,10.44489956
9.068670273,8.374300003,6.851650238,10.05850029,10.08810043,9.885640144,10.52970028,9.828289986,10.95680046
9.12071991,8.093379974,6.772830009,9.970760345,10.28250027,9.867440224,10.27649975,9.966159821,10.89900017
8.913060188,8.1457901,6.898499966,10.31820011,10.29030037,10.0685997,10.11789989,10.34850025,11.07859993
8.494839668,8.120969772,6.833459854,10.17650032,10.20489979,10.06169987,10.38599968,10.86620045,11.26350021
9.172400475,8.514200211,6.752089977,10.14900017,10.08720016,9.597060204,10.51369953,9.565830231,10.7329998
9.114560127,8.239299774,6.735650063,10.24750042,10.43120003,9.819660187,10.60529995,10.07740021,10.48929977
8.839260101,8.129899979,6.980130196,10.1864996,9.968000412,9.689100266,10.76819992,10.34589958,10.81459999
8.847370148,8.208089828,7.053750038,10.18889999,9.923359871,9.583640099,10.86940002,10.44279957,10.72480011
10.07289982,8.669360161,7.371490002,10.24129963,10.11919975,9.145150185,10.88659954,9.322469711,10.43449974
9.99213028,9.118920326,7.324339867,10.69419956,10.28149986,9.036089897,11.06579971,9.021869659,9.594280243
9.848469734,9.005160332,7.531610012,10.22399998,10.23359966,8.571410179,10.75990009,9.003879547,9.249329567
9.599010468,8.126310349,7.408629894,9.604169846,10.17230034,8.317709923,12.45079994,9.045639992,9.691249847
9.066940308,8.141860008,7.502490044,10.08590031,9.836480141,8.228569984,12.57400036,9.06482029,9.74353981
9.606610298,8.536640167,7.212930202,10.16390038,10.12069988,9.635140419,10.44859982,9.153820038,10.1843996
11.54819965,12.14589977,10.07079983,12.65069962,10.51319981,8.887649536,10.85289955,9.165740013,9.9480896
11.62759972,12.66160011,10.78499985,12.95670033,10.30850029,9.21269989,10.31849957,9.027759552,9.742650032
10.91429996,12.09010029,10.42959976,12.93630028,10.53009987,8.838089943,11.11680031,9.435239792,10.09790039
10.73579979,11.21430016,10.25949955,12.88700008,10.57359982,8.896409988,11.05360031,9.573109627,10.38570023
11.28979969,11.37160015,8.949339867,12.08950043,10.3125,9.848460197,10.63319969,9.02118969,10.35319996
11.27630043,11.39659977,8.552000046,12.2208004,10.40209961,9.442110062,11.02169991,9.001070023,9.707679749
11.44169998,12.23550034,10.06449986,12.56000042,10.42660046,9.48830986,10.74349976,9.179659843,10.26589966
11.52429962,11.91460037,10.07149982,12.78639984,10.8057003,9.416259766,11.03829956,9.411829948,10.25520039
11.40869999,11.53569984,9.976149559,12.6796999,10.79740047,9.439330101,11.1239996,9.389360428,10.15970039
9.337619781,8.11975956,6.927899837,7.097970009,10.10879993,9.322850227,9.739089966,9.484740257,9.864649773
9.053919792,8.223649979,7.135409832,7.313710213,10.08339977,9.00883007,10.42809963,9.349129677,9.909640312
9.113889694,7.784840107,7.129980087,7.099080086,10.19279957,8.801179886,10.8579998,9.396389961,9.873279572
9.508379936,8.3917799,7.071609974,7.377170086,10.26980019,8.583769798,11.08530045,9.363969803,9.94892025
8.369400024,7.700449944,7.421010017,7.209149837,10.32699966,8.70637989,12.05910015,9.678999901,10.1541996
9.09125042,8.352009773,7.014450073,7.358819962,10.26570034,9.641730309,10.36159992,9.900139809,10.35239983
9.091270447,8.58450985,7.010270119,7.285860062,10.16279984,9.61262989,10.29020023,9.735899925,10.5770998
8.704500198,7.919700146,7.138060093,7.321239948,10.03800011,9.398480415,10.85789967,9.629920006,10.49750042
8.860269547,8.273750305,7.047009945,7.334859848,10.16590023,9.468790054,10.56900024,9.537210464,10.57520008
8.950969696,8.185090065,6.956240177,7.508709908,10.12720013,9.297650337,10.68809986,9.381710052,10.34609985
8.984970093,8.221830368,6.87612009,7.346020222,10.0323,9.41699028,10.63930035,9.502679825,10.14379978
8.534460068,8.333399773,6.987790108,7.561100006,10.08279991,9.290060043,10.45390034,9.415340424,10.08139992
8.449390411,8.040499687,6.988500118,7.289090157,10.23270035,9.278639793,10.6583004,9.655489922,10.54950047
7.882549763,7.872419834,7.318920135,7.94178009,10.17109966,9.535380363,10.68900013,10.07149982,11.1274004
7.651360035,8.046609879,7.663129807,7.879389763,9.791419983,9.630029678,10.21210003,9.767069817,10.23159981
10.26539993,10.28835011,8.155025005,11.1637001,10.58039999,9.906569958,10.11989975,9.232570171,10.53669977
11.31050014,12.0300498,9.784379959,12.52429962,10.52104998,9.073344707,10.63910007,9.337929726,10.27714968
11.31585026,12.65714979,10.49140024,13.04710007,10.73934984,9.871069908,10.80405045,9.293600082,10.60480022
11.50369978,12.5935998,10.87055016,13.35360003,10.79135036,10.17960024,10.8043499,9.741809845,9.959320068
9.979189873,9.58065033,7.327209949,10.49180031,10.51840019,9.878410339,10.01620007,9.2000103,10.45779991
9.801139832,9.235320091,6.811649799,10.1281004,10.10309982,9.534469604,10.5539999,8.874970436,10.04240036
9.85739994,9.43266964,7.086540222,10.11130047,9.911279678,9.792360306,10.60340023,9.156220436,10.2876997
9.482089996,9.232310295,7.340640068,10.15009975,9.876219749,9.359350204,11.31919956,9.126569748,10.13640022
10.04160023,9.007989883,7.134379864,9.90542984,10.48359966,9.662750244,10.00300026,9.380599976,10.02830029
9.583250046,9.113829613,7.121860027,10.31429958,10.17759991,9.296440125,10.91310024,8.791509628,9.879010201
9.830459595,9.190170288,7.217649937,9.944390297,10.09910011,9.261489868,11.02130032,9.115309715,9.768989563
9.393250465,8.605680466,7.301730156,10.33430004,10.33380032,8.569910049,12.59000015,9.006790161,10.07820034
9.492420197,8.476730347,7.32115984,9.345100403,10.27770042,8.730609894,12.83040047,9.210330009,9.050840378
9.288660049,8.837220192,7.330120087,9.868000031,10.36559963,9.329629898,10.79930019,8.885009766,9.67689991
9.794930458,8.487409592,6.747429848,10.05020046,9.990610123,9.207409859,11.18080044,9.129870415,9.571949959
10.42280006,9.424099922,7.647079945,10.75269985,10.26430035,9.33106041,11.4343996,9.619879723,10.4151001
9.660539627,8.741769791,7.280459881,9.970270157,10.1868,9.548899651,11.26420021,9.154310226,10.59729958
10.63949966,9.993189812,7.491990089,11.38899994,10.26570034,9.349020004,11.5152998,9.934240341,10.75259972
11.13510036,10.73690033,8.310400009,12.17150021,10.1868,9.153690338,11.59370041,10.58510017,10.58100033
10.34679985,11.86320019,8.539770126,13.58969975,11.43879986,10.39260006,9.764699936,9.434510231,11.08699989
10.39229965,12.37930012,8.608429909,13.83090019,10.97109985,9.720649719,10.06659985,9.59430027,10.31770039
10.46650028,12.57499981,8.847720146,13.68540001,10.88770008,9.518509865,10.19740009,9.486619949,10.91860008
10.94680023,10.21049976,8.396949768,11.64360046,10.69410038,8.604610443,11.19149971,10.35680008,10.08119965
10.93570042,10.69629955,8.96405983,12.01809978,10.52700043,8.385760307,11.26259995,10.18039989,9.326849937
10.96860027,10.43010044,8.640640259,11.63029957,10.75329971,8.915519714,11.03380013,10.39729977,9.742819786
9.494319916,8.02899189,7.39562006,10.12490005,9.901927948,8.78024807,11.61127987,8.997422028,9.107334328
9.625545883,8.640041924,7.247307968,10.6863802,9.763433838,8.789053917,11.23860016,8.884237862,9.008872032
9.510040283,8.599253845,7.585044003,10.63143978,9.68246994,8.965146065,12.25601997,8.978645706,9.352394104
8.388279915,8.087719917,7.913539886,9.138039589,9.988559723,7.566959858,11.62650013,8.472860336,9.368049622
8.855744839,8.504479885,7.81024003,9.328224659,9.640289783,8.166739941,11.86135006,8.724169731,9.259870052
8.980569839,8.295009613,7.844260216,8.26760006,10.11279964,7.693069935,11.99349976,8.557559967,9.640179634
8.770079613,8.518210411,7.861660004,8.846639633,9.685409546,8.477760315,11.66209984,8.595000267,9.241660118
8.300140381,8.145219803,7.526569843,9.236040115,9.827449799,8.757989883,11.22850037,9.391039848,9.67317009
8.544529915,8.165980339,7.702889919,9.147749901,10.22119999,8.153849602,12.72430038,9.33286953,10.12450027
9.741280238,9.665086428,7.101963202,10.5115331,11.02106667,9.178516706,10.72233327,9.206760089,10.03343995
9.531283379,9.132556597,7.213416735,10.67116642,10.61450005,8.816819827,11.0406332,9.115613302,9.51684316
8.89438343,8.991133372,7.349743366,10.49548658,10.57930024,8.336190224,11.80273342,9.236929893,9.530339877
9.207166354,9.149556796,7.879256725,10.15150007,10.21320343,8.301060041,11.68963337,9.152702967,9.850550016
9.98557663,9.993179957,7.21694994,10.45969995,11.13470014,9.162580172,10.17733987,9.485566775,9.821393013
9.602033297,9.644686699,7.199423313,10.5921669,11.05770016,8.975799878,10.35969003,9.250243505,9.847266515
9.173083305,9.312433561,7.446389993,10.18131987,10.70936648,8.548909823,11.25596682,9.099046707,9.623549779
9.496973356,9.416049957,7.840236505,9.988126755,10.75339985,8.179886659,11.59619999,9.312490145,9.810116768
9.488365173,8.784699917,7.239579916,10.17429972,9.993390083,9.137014866,10.76669979,8.928499699,9.812559605
8.593945026,8.062250137,7.392815113,9.463370323,9.794010162,8.533945084,12.85459995,9.210700035,9.778554916
8.576539993,8.050055265,7.347800016,9.406154633,9.943130016,8.621705055,12.73930025,9.267720222,9.808725357
8.626914978,8.068480015,7.313944817,9.339550018,10.00311518,8.741145134,12.87210035,9.436200142,10.05315542
8.450899601,8.098434925,7.435220003,9.188555241,10.03719997,8.586910248,12.53125,9.498215199,10.08207989
8.504590034,8.148479939,7.370959997,8.846065044,10.00173998,9.100630283,11.97049999,9.934994698,10.03500986
9.454410076,8.248484612,7.211019993,9.771465302,9.638245106,8.479789734,11.23530006,9.044744968,8.859200001
9.052774906,7.818695068,7.337165117,9.267454624,9.428844929,8.323290348,12.52649975,8.970530033,9.150599957
8.973909855,7.89056015,7.409179926,8.813700199,9.251299858,8.444075108,12.52439976,9.421210289,9.498380184
8.978380203,7.907230139,7.466359854,8.811470032,9.178595066,8.430740356,12.28214979,9.557079792,9.618530273
8.773504734,7.786255121,7.466874838,8.773225307,9.366679668,8.583785057,12.07419968,9.505074978,9.889870167
8.895954132,8.237742043,7.631237888,8.832076073,9.808872032,8.467038155,11.14912014,9.109869957,10.06613998
9.231880188,8.36262989,7.56167984,10.12460041,9.752670288,8.263130188,12.17819977,9.233719826,9.726730347
8.803050041,7.847109795,7.315879822,9.373530388,9.738920212,8.854370117,12.27299976,9.129179955,9.320420265
7.747149944,7.81882,7.611579895,8.902139664,9.759710312,8.848360062,11.47970009,9.294369698,9.879650116
8.332500458,7.916679859,7.418129921,9.184209824,10.04510021,8.16326046,11.55459976,8.905349731,9.810750008
8.887060165,8.013239861,7.551270008,9.645640373,10.03849983,8.319540024,12.05879974,8.964909554,9.726499557
8.457240105,8.496640205,7.363800049,9.587730408,9.529729843,8.628359795,12.3835001,8.994879723,9.594869614
8.059499741,7.996600151,7.85984993,9.223690033,9.914810181,8.583390236,11.70940018,9.243889809,9.98871994
8.021820068,8.184249878,7.82325983,8.901240349,9.855790138,8.918339729,10.52299976,8.778960228,9.211689949
9.752144814,8.342560291,7.189499855,10.29794979,9.8644104,8.450455189,11.64174986,9.025584698,9.170899868
9.979404926,8.174280167,7.031239986,10.24814987,9.884250164,8.463749886,11.65665007,9.074514866,8.950934887
10.16889954,8.624679565,7.122449875,10.58810043,9.865679741,8.977930069,10.79380035,8.926019669,9.543950081
10.02134991,8.699625015,6.809314966,10.47564983,9.650605202,9.127670288,10.81064987,8.778765202,9.631364822
8.772720019,9.154576937,7.267796675,10.16899999,9.516709963,8.984313329,10.55420017,8.876513481,9.542513212
11.51790015,11.21566645,9.205576897,10.83953317,11.1007665,8.138196468,13.00443331,10.14748001,8.587619781
9.51128006,9.420410156,7.251160145,10.23639965,9.692500114,8.933699608,11.6491003,8.80340004,9.733320236
10.86019993,10.50039959,8.782690048,11.82269955,11.21469975,8.433179855,12.16839981,11.01500034,9.031490326
9.242380142,9.629449844,7.387539864,10.01369953,9.844670296,8.988630295,11.37279987,8.870289803,10.10929966
11.6402998,10.83440018,8.420889854,10.42660046,11.19839954,8.521409988,13.12880039,10.15159988,9.931500435
11.95899963,11.64540005,9.185259819,10.72560024,10.99510002,7.975689888,13.03100014,10.47869968,8.843899727
10.51970005,9.409420013,7.599359989,10.78190041,9.989190102,8.33864975,13.16390038,9.366889954,11.14210033
9.473329544,9.027020454,7.872799873,10.16030025,9.826849937,8.266480446,12.8494997,9.28938961,11.1906004
9.289329529,9.922300339,7.535009861,10.2730999,10.02670002,9.007080078,10.9406004,8.831780434,10.24950027
11.14570045,10.41380024,8.361729622,11.99289989,11.11830044,8.220170021,11.27460003,10.67059994,10.15610027
10.9236002,10.4144001,8.895259857,11.72819996,10.69569969,9.038809776,11.95800018,10.23700047,10.91609955
10.63059998,10.19470024,8.12594986,11.33850002,10.41810036,9.339940071,11.08010006,9.370820045,11.06219959
10.50209999,9.50535965,8.086560249,11.22500038,10.27280045,9.831839561,11.45119953,9.469889641,11.5078001
8.79434967,9.48980999,7.166520119,10.23900032,9.670900345,9.173870087,10.75339985,8.780630112,9.368049622
9.238670349,8.338640213,7.453770161,9.897370338,10.1001997,8.45018959,12.76980019,9.319930077,9.975330353
9.308259964,9.353360176,7.276470184,10.11859989,9.936200142,8.806300163,7.446589947,8.789549828,10.16810036
9.516570091,8.740599632,7.455039978,10.03079987,9.795960426,8.37364006,7.371870041,9.193849564,10.02929974
9.02987957,9.451849937,7.398489952,9.944390297,9.6459198,9.178629875,11.01340008,8.781129837,10.29759979
9.28921032,8.745849609,7.437590122,9.938409805,9.584739685,8.420120239,12.68610001,9.101750374,9.966799736
8.53839016,8.044790268,8.269470215,8.898280144,10.70779991,7.608320236,11.23550034,8.516839981,9.532790184
8.223540306,7.440869808,7.468229771,8.38710022,9.797039986,6.61507988,10.76469994,8.060819626,8.661520004
8.601909637,7.737410069,7.600940228,9.277770042,10.28409958,7.751220226,11.41650009,8.797599792,9.216270447
9.793125153,10.21880007,7.648090124,10.24839973,10.50579977,8.82600975,10.7109499,9.079015255,9.600979805
9.093735218,8.573280334,7.834079981,9.411799908,9.793329716,7.928184986,9.178589821,8.13228488,9.126259804
8.634189924,8.478043238,6.729486783,10.19690005,10.17666658,8.99127992,9.35680294,8.789206505,10.37853305
9.175800006,8.935726484,6.898829937,10.55263329,10.35286681,8.959547043,7.763290087,9.094413439,10.52330017
8.064506531,8.003379981,6.760910034,9.692996661,9.849063238,8.535419782,9.721433322,8.701600075,9.048193296
8.1025033,7.974480152,6.645679951,9.764386495,9.800850232,8.508043289,7.704763571,8.609379927,9.3306036
10.07660007,9.321370125,7.207819939,10.60499954,10.19489956,10.04189968,9.669280052,9.406869888,10.07040024
9.887590408,9.218279839,7.393159866,10.53030014,10.31029987,9.434530258,9.955149651,9.229120255,10.28110027
9.48443985,9.185259819,6.749000072,10.47179985,10.33100033,9.381899834,10.18570042,9.189559937,10.04380035
9.836070061,9.329250336,6.953820229,10.32769966,10.08609962,8.646439552,11.40009975,9.100390434,9.481539726
11.17150021,10.19470024,8.491129875,11.64169979,10.63129997,8.918849945,11.1395998,10.05980015,10.50469971
11.01109982,10.28450012,9.474450111,11.92730045,10.45079994,8.632349968,11.07610035,9.715089798,10.60599995
11.54850006,10.62489986,9.911720276,11.98750019,9.908650398,8.609769821,11.41860008,9.229840279,10.2961998
10.26189995,9.161680222,7.387229919,10.49100018,10.39099979,9.986920357,10.45339966,9.877160072,10.5223999
11.28750038,10.32660007,7.909289837,11.73410034,10.44169998,9.5667696,10.71860027,10.67099953,11.01509953
11.2432003,10.57600021,8.616589546,12.21700001,10.38700008,9.594459534,10.91829967,10.98029995,11.43970013
8.656579971,8.472229958,7.71216011,9.150489807,10.11229992,7.976620197,11.74709988,8.37405014,9.126460075
8.456990242,8.046560287,7.422629833,8.743080139,9.918089867,9.053709984,11.9435997,9.339699745,9.578249931
8.268770218,7.482940197,8.006259918,8.95442009,10.00389957,7.434659958,11.30200005,8.421460152,9.621890068
8.11841011,7.856060028,7.937210083,7.329100132,10.01889992,7.274670124,10.45289993,7.945640087,9.333390236
8.665260315,7.718349934,7.597559929,9.151060104,9.878390312,7.275159836,11.91559982,9.390789986,10.29710007
9.183600426,7.669250011,7.131639957,8.809789658,10.66160011,7.438819885,12.15289974,9.506649971,10.63329983
9.906908035,9.570509911,7.754356098,10.85495987,10.1233778,9.785758018,10.81015987,8.988000298,10.28863983
9.882526016,9.532135963,7.591697979,10.83774014,10.15827999,9.459681892,10.46735992,9.048950005,10.39538002
9.895104218,9.124276161,7.475711918,11.00142021,10.10060978,9.124593925,11.53932018,9.151654053,9.820314026
9.651591873,9.052121925,7.353761959,10.70531998,9.809820175,9.561651802,11.42932014,8.745179939,10.08628788
9.524970055,9.442899704,7.730279922,11.1843996,10.62139988,8.046660423,10.08769989,10.82400036,9.602330208
9.36468029,9.847220421,7.890490055,11.49180031,10.11600018,8.752779961,9.625260353,9.628950119,9.855360031
8.905260086,8.301919937,8.675230026,8.76113987,9.696900368,7.648180008,9.779500008,8.196100235,8.285960197
8.696940422,8.083800316,8.074780464,9.002779961,10.46080017,7.442379951,10.69009972,8.075139999,8.805620193
8.842370033,8.087189674,8.141599655,9.054160118,10.4073,7.85323,11.99370003,8.872879982,10.66479969
8.970129967,8.302980423,8.910440445,8.943180084,10.82199955,7.002120018,11.00290012,8.01968956,9.934229851
8.721329689,8.008440018,7.808819771,8.021389961,9.07968998,7.141349792,10.49540043,7.830140114,8.915960312
9.314539909,7.711490154,8.161930084,9.319270134,10.36779976,7.021480083,12.04489994,8.725879669,9.32474041
9.112190247,8.196370125,7.787849903,10.23729992,10.22430038,8.510009766,11.71090031,9.077910423,9.347499847
8.64993,8.661740303,8.434390068,9.568260193,10.29370022,7.972949982,9.884960175,8.044019699,9.111319542
8.574390411,8.026479721,8.161239624,8.681099892,10.2329998,7.742249966,11.01249981,7.96889019,8.660490036
9.609789848,9.147830009,7.465156714,10.35476685,10.11110655,8.842036565,7.813876629,9.729693095,10.44943333
8.343000094,8.046126684,6.988159974,8.897593498,9.61559995,9.186203321,10.15186342,9.305363019,9.641723315
9.399573326,9.049520175,7.386730035,10.19049676,9.817590396,8.51760006,7.516336441,8.867410024,9.859999975
9.134050051,9.422636668,7.271243254,9.921033541,9.792970022,8.937133471,11.81573359,8.846456846,9.862909953
9.808023453,8.000353177,7.915436586,9.089633306,10.25343323,8.921589851,11.91470019,9.952029864,11.34530004
9.178900083,8.746840159,7.141283353,9.876196543,9.97687308,8.451193492,8.105553468,8.905276934,9.747683207
9.564640045,9.032050133,7.556499958,10.83370018,10.38360023,8.922470093,12.29300022,9.831910133,10.42529964
9.222120285,8.905209541,7.128809929,10.13479996,10.40030003,8.899909973,11.42800045,9.65279007,10.26790047
9.461529732,9.181909561,7.311150074,10.28409958,10.60659981,8.303770065,12.55780029,9.283459663,9.801560402
8.900389671,8.25483036,7.119780064,9.742050171,9.99864006,8.345490456,12.28479958,8.76624012,9.642410278
8.964570045,8.949780464,7.13725996,9.868760109,9.931429863,8.256329536,12.21409988,8.85931015,9.264940262
9.037959576,8.187679768,7.403270006,9.946305275,10.32410002,9.238190174,10.98834991,9.14222002,10.42105007
9.157334805,8.488845348,7.393715143,10.12559986,10.6500001,9.298064709,10.74309969,9.188765049,10.57044983
9.164070129,8.358705044,7.361899853,9.868599892,10.55164957,9.39440012,10.72984982,9.280240059,10.39269972
8.020709753,8.358135223,7.480659962,8.833384991,10.03680515,9.409149647,10.56755018,9.255064964,9.128345013
7.950274944,8.336295128,7.683179855,9.155399799,10.00233507,9.310005188,10.33930016,9.129464626,9.338234901
8.307105064,8.247529984,7.569070101,9.132459641,10.0046649,9.484139919,10.70225,9.19547987,9.561699867
9.883934975,9.454569817,7.638119936,10.67495012,10.30305004,9.581664562,10.10685015,9.033100128,10.49545002
9.672679901,8.802935123,7.072425127,10.19194984,10.07975006,9.309730053,10.9774003,8.88086462,10.10136986
9.567725182,8.844679832,7.065169811,10.23370028,10.07775021,9.622570038,10.60755014,8.753085136,10.39604998
9.910830021,10.11695004,7.819455147,10.65490007,10.28620005,9.566289902,10.4847002,9.195135117,10.6020503
10.00256491,10.00281,7.50475502,10.57390022,10.37940025,9.693069935,10.45819998,9.314435005,10.7255497
10.08729982,10.11758518,7.613109827,10.56764984,10.58925009,9.759444714,10.4849,9.373049736,10.57944965
9.662274837,10.14514971,8.455924988,10.96324968,10.03845501,8.776810169,11.33144999,9.262110233,10.26984978
9.376544952,9.02241993,7.331725121,10.24639988,9.954154968,8.714314938,11.39144993,9.216549873,10.18514967
9.260205269,8.808030128,7.320705175,10.2005496,10.00880003,8.752074718,11.63339996,9.247825146,10.15534973
11.23999977,12.56215,11.10220003,12.97679996,10.6269002,10.02235508,10.7256999,9.979790211,10.25720024
10.02860022,9.986299992,7.374629974,10.7638998,10.42834997,9.681079865,10.62695026,9.552119732,10.47100019
10.00052023,9.98132515,7.355529785,10.53730011,10.19439983,9.730860233,10.50884962,9.353714943,10.79650021
10.22730001,9.3235267,7.425219854,10.49746672,10.2737999,9.716310183,9.784513474,9.067796707,10.05919997
10.07821989,8.958420277,7.496230125,10.49485016,10.21004963,9.561375141,9.754584789,9.076305389,10.10559988
10.07566992,9.134343465,7.516036669,10.6093003,9.999436696,9.366493225,9.88234361,9.150029818,9.271210035
9.73513484,9.549042463,7.503287435,10.52369976,10.03271246,9.345780134,10.31014514,9.103105068,9.421997547
9.932620049,9.057894707,7.466875076,10.30299997,10.20335007,9.679144859,9.901335239,9.127799988,10.27715015
10.01900959,8.901450157,7.560645103,10.39905024,10.23514986,9.658375263,9.966794968,9.24706459,10.04789972
9.951590061,8.710935116,7.574719906,10.65490007,10.04768515,9.350174904,10.18576002,9.241970062,9.697255135
9.776499748,9.338703473,7.425696691,10.5001332,10.02107302,9.288363457,10.45933342,9.078339895,9.49222374
9.948210239,9.125074863,7.609415054,10.42000008,10.25535011,9.474720001,9.900189877,9.196495056,9.968164921
10.12779999,9.304369926,7.447695017,10.31239986,10.34775019,9.779399872,9.626935005,9.114759922,10.10029984
10.05316973,8.582154751,7.482310057,10.50434971,9.891659737,9.234729767,10.45230007,9.226255417,9.902494907
9.733706474,9.428413391,7.345940113,10.3730669,10.06352997,9.225709915,10.23924001,9.068180084,9.380686442
10.15266673,9.499403636,7.444413344,10.48293336,10.36979993,9.695486387,9.875459989,9.111336708,10.1308403
10.23333295,9.255772909,7.451466719,10.50896676,10.29590003,9.567596753,9.832973162,9.094376882,10.043787
10.11835003,9.008673032,7.501996676,10.62473329,10.03390312,9.245596886,10.36769676,9.210823377,9.781386375
9.871572733,9.686779976,7.39665997,10.65569997,10.07359743,9.325497627,10.83784986,9.099192619,9.784077168
9.51692009,8.408960342,7.289490223,9.821909904,9.405229568,8.751890182,11.11400032,8.820420265,9.674839973
9.298760414,8.559200287,7.490670204,9.828849792,9.692150116,8.382559776,11.21420002,8.853360176,9.435850143
9.402560234,8.385609627,7.113729954,9.757320404,10.01669979,8.434419632,11.01500034,8.758319855,9.32929039
9.192339897,8.055850029,7.300769806,9.780409813,9.900489807,8.206170082,11.38389969,9.084679604,9.339050293
8.582839966,7.780779839,7.532249928,9.55453968,10.09490013,7.587619781,12.4520998,9.001660347,10.37040043
8.636879921,7.849050045,7.162819862,8.933560371,10.31910038,7.504290104,12.10470009,9.554120064,10.68350029
10.01749992,8.988349915,7.153505087,10.64480019,10.20204973,8.670825005,9.828114986,9.387279987,9.411664963
10.00510025,8.989899635,7.271900177,10.48880005,10.31439972,8.469719887,9.912190437,9.137709618,9.621279716
8.783064842,8.129504919,7.361719847,9.967130184,10.40070009,8.32125473,12.32570028,9.473419666,10.01744032
9.339010239,9.164299965,7.378339767,10.65950012,10.5067997,8.843979836,10.80700016,9.333510399,10.04570007
9.552510262,9.478899956,7.433290005,10.98209953,10.17240047,8.544799805,10.43570042,8.994729996,9.264289856
7.83081007,8.183859825,7.488019943,10.07149982,10.38980007,8.42759037,12.01280022,9.36439991,9.710379601
9.71848011,8.643059731,7.46709013,10.47560024,10.22319984,8.729269981,9.647390366,9.307319641,9.553039551
9.619130135,9.138569832,7.398819923,10.59840012,9.772310257,8.538109779,10.88490009,9.152919769,9.372309685
7.981100082,8.061320305,7.340660095,9.801280022,10.2986002,8.085379601,12.22189999,9.757929802,9.820110321
10.37633991,11.47314978,9.283950329,12.37874985,10.72469997,8.916510105,10.48389959,9.549429893,9.766405106
9.900409698,10.89490032,8.30463028,11.84840012,10.49170017,8.710040092,10.45950031,9.293270111,9.913240433
9.583069801,10.94139957,8.808380127,11.87415028,10.36570024,8.51203537,12.09345007,9.207560062,9.89915514
10.19979954,9.085419655,7.30355978,10.35009956,10.73970032,9.230019569,8.391079903,10.27320004,10.48919964
8.578980446,8.184849739,7.458749771,9.797249794,10.41119957,8.536230087,8.473110199,9.312399864,10.08720016
9.495289803,9.621509552,8.232689857,10.87010002,9.6375103,8.36882019,11.7276001,9.209779739,10.64970016
10.11919975,10.3920002,8.626210213,11.89470005,10.46860027,8.474789619,12.48939991,9.386540413,11.07960033
9.594479561,9.209010124,8.387729645,10.25990009,10.56260014,8.500479698,12.45880032,9.648639679,11.08889961
9.424670219,9.757630348,8.507410049,11.30679989,9.569589615,8.750849724,11.42539978,9.300189972,11.2112999
10.19330025,10.05350018,7.761779785,11.33959961,9.925479889,8.74435997,11.30370045,8.937649727,9.34552002
10.26249981,10.0692997,7.78166008,11.71339989,10.23849964,8.528639793,11.44480038,9.003569603,10.05280018
9.549819946,9.302499771,8.216770172,10.19970036,10.63689995,8.667830467,12.01939964,8.990670204,9.62349987
9.765480042,9.25345993,8.120559692,10.52029991,10.89490032,9.090539932,11.03110027,9.053370476,9.432470322
8.433420181,7.564146678,6.891859849,8.993963242,9.749626795,7.956680139,11.21313318,8.325860023,8.956706683
8.07491684,7.764653365,7.097923279,9.089229902,9.751556714,7.593960126,11.20566686,9.087106705,9.159583092
8.76252683,7.873593489,7.054913362,9.456943512,9.570989927,7.979690075,5.410976728,8.528099696,8.982610067
8.283260028,7.904040019,7.390600046,8.593799909,9.961010297,7.424536705,4.907996655,8.204460144,8.519423167
10.39283371,9.97706,6.69961675,10.74893316,11.0157334,8.731190046,11.34943358,10.31009992,9.861573537
10.29236666,9.293103218,6.68836991,10.46876653,11.22456678,8.690813382,11.16486645,10.39076678,9.977456729
9.962663333,9.186779658,6.847420057,10.36216672,11.04620012,8.371596654,12.03243351,10.05245304,9.847390175
10.52859974,8.368016561,7.672399998,10.13488674,11.04613336,8.79930687,11.20566654,11.88400014,10.40136687
10.76706696,6.8788867,7.3391668,8.975463231,11.51136653,7.394690037,11.20723343,10.44493357,10.32610003
9.315256755,9.800916354,8.653930028,10.43406677,10.05760638,8.735483487,11.47006639,9.715630213,10.46213341
8.103150209,8.535486857,7.830233256,9.885466576,10.02228991,10.00476678,9.903316816,11.86843332,12.01996676
8.364396731,8.024890105,7.628313382,9.194959958,9.928593318,9.016126951,8.487410227,11.04343351,10.86246681
9.145665169,8.444504738,7.343064785,10.24539995,10.06124973,8.90267992,9.194449902,8.913080215,9.937514782
8.910234928,8.141904831,7.32090497,9.903450012,10.23010015,8.628715038,8.746990204,8.616924763,9.721415043
8.889755249,7.946085215,7.335489988,10.16550016,10.05849981,8.49244976,8.528620243,8.628425121,9.340509892
8.976494789,7.773109913,7.31752491,9.265844822,10.40670013,7.900789976,9.092589855,8.560685158,8.682730198
7.931129932,8.021109819,7.574774981,8.984640121,9.920179844,7.340799809,9.444960117,7.723639965,7.991465092
8.010200262,7.866180182,7.635324955,8.731814861,9.686074734,7.396554947,9.614250183,7.84204483,8.427370071
8.129149914,7.863724947,7.625095129,8.819149971,10.25185013,7.573129892,9.553110123,7.949515104,8.216279984
8.089139938,8.133790016,7.925854921,8.48609972,9.67553997,7.445309877,11.11940002,7.865839958,7.947375059
9.53185463,8.018599987,7.067470074,9.325630188,9.423075199,8.496850014,10.246665,8.989614964,9.44904995
9.48906517,7.962284803,7.315500021,9.902165413,9.66617012,8.097520113,11.32280016,8.925270081,10.00438023
8.965936661,8.275666714,6.910919984,9.232009888,8.849156698,8.139046828,11.82403374,8.324009895,11.1802899
9.308964729,9.121900082,7.449379921,10.01866961,9.855519772,8.924429893,12.31785011,8.900964737,10.015975
9.637149811,8.022990227,7.820409775,8.9728899,9.989279747,8.939310074,12.08399963,9.623709679,11.0078001
9.024443309,8.03371652,6.94468991,9.080686569,9.59212335,8.619740168,10.64126364,8.548800151,10.05967999
9.239743551,8.202246507,7.202583313,9.464980284,9.779446602,8.468619982,11.62523333,8.325566451,9.903676669
8.775156657,7.955843449,7.310453256,9.357429822,9.101263682,7.975713412,8.503136635,7.618233522,8.81327343
